2026-06-14 21:17:11 INFO    runlog: Полный лог прогона: C:\Users\pavel\Desktop\soc-simulator\logs\run-20260614-211711.log
2026-06-14 21:17:11 INFO    werkzeug: [31m[1mWARNING: This is a development server. Do not use it in a production deployment. Use a production WSGI server instead.[0m
 * Running on http://127.0.0.1:8787
2026-06-14 21:17:11 INFO    werkzeug: [33mPress CTRL+C to quit[0m
2026-06-14 21:17:12 INFO    werkzeug: 127.0.0.1 - - [14/Jun/2026 21:17:12] "GET / HTTP/1.1" 200 -
2026-06-14 21:17:12 INFO    werkzeug: 127.0.0.1 - - [14/Jun/2026 21:17:12] "GET /api/status HTTP/1.1" 200 -
2026-06-14 21:17:12 INFO    werkzeug: 127.0.0.1 - - [14/Jun/2026 21:17:12] "GET /api/config HTTP/1.1" 200 -
2026-06-14 21:17:12 INFO    werkzeug: 127.0.0.1 - - [14/Jun/2026 21:17:12] "GET /api/logs?since=0 HTTP/1.1" 200 -
2026-06-14 21:17:12 INFO    werkzeug: 127.0.0.1 - - [14/Jun/2026 21:17:12] "GET /api/series HTTP/1.1" 200 -
2026-06-14 21:17:12 INFO    werkzeug: 127.0.0.1 - - [14/Jun/2026 21:17:12] "GET /api/events?n=120 HTTP/1.1" 200 -
2026-06-14 21:17:12 INFO    werkzeug: 127.0.0.1 - - [14/Jun/2026 21:17:12] "GET /api/insights HTTP/1.1" 200 -
2026-06-14 21:17:13 INFO    werkzeug: 127.0.0.1 - - [14/Jun/2026 21:17:13] "GET /api/logs?since=6 HTTP/1.1" 200 -
2026-06-14 21:17:13 INFO    werkzeug: 127.0.0.1 - - [14/Jun/2026 21:17:13] "GET /api/status HTTP/1.1" 200 -
2026-06-14 21:17:14 INFO    werkzeug: 127.0.0.1 - - [14/Jun/2026 21:17:14] "GET /api/logs?since=10 HTTP/1.1" 200 -
2026-06-14 21:17:14 INFO    werkzeug: 127.0.0.1 - - [14/Jun/2026 21:17:14] "GET /api/series HTTP/1.1" 200 -
2026-06-14 21:17:14 INFO    werkzeug: 127.0.0.1 - - [14/Jun/2026 21:17:14] "GET /api/events?n=120 HTTP/1.1" 200 -
2026-06-14 21:17:15 INFO    werkzeug: 127.0.0.1 - - [14/Jun/2026 21:17:15] "GET /api/status HTTP/1.1" 200 -
2026-06-14 21:17:15 INFO    werkzeug: 127.0.0.1 - - [14/Jun/2026 21:17:15] "GET /api/logs?since=12 HTTP/1.1" 200 -
2026-06-14 21:17:15 INFO    werkzeug: 127.0.0.1 - - [14/Jun/2026 21:17:15] "GET /api/insights HTTP/1.1" 200 -
2026-06-14 21:17:15 INFO    webapp: Подключение к GitLab https://gitlab.polenov.ru ...
2026-06-14 21:17:15 DEBUG   urllib3.connectionpool: Starting new HTTPS connection (1): gitlab.polenov.ru:443
2026-06-14 21:17:15 DEBUG   urllib3.connectionpool: https://gitlab.polenov.ru:443 "GET /api/v4/version HTTP/1.1" 200 246
2026-06-14 21:17:15 INFO    webapp: GitLab OK: GitLab 19.0.1
2026-06-14 21:17:15 INFO    webapp: Инициализация среды (репозитории, сотрудники, права)...
2026-06-14 21:17:15 DEBUG   urllib3.connectionpool: https://gitlab.polenov.ru:443 "GET /api/v4/groups/soc-team/projects?per_page=100&simple=True&include_subgroups=True&archived=False HTTP/1.1" 200 None
2026-06-14 21:17:15 DEBUG   urllib3.connectionpool: https://gitlab.polenov.ru:443 "GET /api/v4/groups/soc-team HTTP/1.1" 200 None
2026-06-14 21:17:15 DEBUG   urllib3.connectionpool: https://gitlab.polenov.ru:443 "GET /api/v4/users?username=sergey.volkov HTTP/1.1" 200 None
2026-06-14 21:17:15 DEBUG   urllib3.connectionpool: https://gitlab.polenov.ru:443 "GET /api/v4/users?username=olga.novak HTTP/1.1" 200 None
2026-06-14 21:17:15 DEBUG   urllib3.connectionpool: https://gitlab.polenov.ru:443 "GET /api/v4/users?username=pavel.morozov HTTP/1.1" 200 None
2026-06-14 21:17:15 DEBUG   urllib3.connectionpool: https://gitlab.polenov.ru:443 "GET /api/v4/users?username=irina.belova HTTP/1.1" 200 None
2026-06-14 21:17:15 DEBUG   urllib3.connectionpool: https://gitlab.polenov.ru:443 "GET /api/v4/users?username=nikita.orlov HTTP/1.1" 200 None
2026-06-14 21:17:16 DEBUG   urllib3.connectionpool: https://gitlab.polenov.ru:443 "GET /api/v4/users?username=elena.kuzmina HTTP/1.1" 200 None
2026-06-14 21:17:16 DEBUG   urllib3.connectionpool: https://gitlab.polenov.ru:443 "PUT /api/v4/projects/1 HTTP/1.1" 200 None
2026-06-14 21:17:16 DEBUG   urllib3.connectionpool: https://gitlab.polenov.ru:443 "PUT /api/v4/projects/2 HTTP/1.1" 200 None
2026-06-14 21:17:16 INFO    werkzeug: 127.0.0.1 - - [14/Jun/2026 21:17:16] "GET /api/logs?since=16 HTTP/1.1" 200 -
2026-06-14 21:17:16 INFO    werkzeug: 127.0.0.1 - - [14/Jun/2026 21:17:16] "GET /api/series HTTP/1.1" 200 -
2026-06-14 21:17:16 INFO    werkzeug: 127.0.0.1 - - [14/Jun/2026 21:17:16] "GET /api/events?n=120 HTTP/1.1" 200 -
2026-06-14 21:17:16 DEBUG   urllib3.connectionpool: https://gitlab.polenov.ru:443 "PUT /api/v4/projects/3 HTTP/1.1" 200 None
2026-06-14 21:17:16 DEBUG   urllib3.connectionpool: https://gitlab.polenov.ru:443 "PUT /api/v4/projects/4 HTTP/1.1" 200 None
2026-06-14 21:17:16 DEBUG   urllib3.connectionpool: https://gitlab.polenov.ru:443 "PUT /api/v4/projects/5 HTTP/1.1" 200 None
2026-06-14 21:17:16 DEBUG   urllib3.connectionpool: https://gitlab.polenov.ru:443 "PUT /api/v4/projects/6 HTTP/1.1" 200 None
2026-06-14 21:17:16 DEBUG   urllib3.connectionpool: https://gitlab.polenov.ru:443 "PUT /api/v4/projects/12 HTTP/1.1" 200 None
2026-06-14 21:17:16 DEBUG   urllib3.connectionpool: https://gitlab.polenov.ru:443 "PUT /api/v4/projects/11 HTTP/1.1" 200 None
2026-06-14 21:17:16 INFO    werkzeug: 127.0.0.1 - - [14/Jun/2026 21:17:16] "GET / HTTP/1.1" 200 -
2026-06-14 21:17:16 DEBUG   urllib3.connectionpool: https://gitlab.polenov.ru:443 "PUT /api/v4/projects/10 HTTP/1.1" 200 None
2026-06-14 21:17:16 INFO    werkzeug: 127.0.0.1 - - [14/Jun/2026 21:17:16] "GET /api/config HTTP/1.1" 200 -
2026-06-14 21:17:16 DEBUG   urllib3.connectionpool: Starting new HTTPS connection (2): gitlab.polenov.ru:443
2026-06-14 21:17:16 INFO    werkzeug: 127.0.0.1 - - [14/Jun/2026 21:17:16] "GET /api/logs?since=0 HTTP/1.1" 200 -
2026-06-14 21:17:16 INFO    werkzeug: 127.0.0.1 - - [14/Jun/2026 21:17:16] "GET /api/series HTTP/1.1" 200 -
2026-06-14 21:17:16 INFO    werkzeug: 127.0.0.1 - - [14/Jun/2026 21:17:16] "GET /api/events?n=120 HTTP/1.1" 200 -
2026-06-14 21:17:16 INFO    werkzeug: 127.0.0.1 - - [14/Jun/2026 21:17:16] "GET /api/insights HTTP/1.1" 200 -
2026-06-14 21:17:16 DEBUG   urllib3.connectionpool: https://gitlab.polenov.ru:443 "GET /api/v4/version HTTP/1.1" 200 246
2026-06-14 21:17:16 INFO    werkzeug: 127.0.0.1 - - [14/Jun/2026 21:17:16] "GET /api/status HTTP/1.1" 200 -
2026-06-14 21:17:16 DEBUG   urllib3.connectionpool: https://gitlab.polenov.ru:443 "PUT /api/v4/projects/9 HTTP/1.1" 200 None
2026-06-14 21:17:17 DEBUG   urllib3.connectionpool: https://gitlab.polenov.ru:443 "PUT /api/v4/projects/8 HTTP/1.1" 200 None
2026-06-14 21:17:17 DEBUG   urllib3.connectionpool: https://gitlab.polenov.ru:443 "PUT /api/v4/projects/7 HTTP/1.1" 200 None
2026-06-14 21:17:17 DEBUG   urllib3.connectionpool: https://gitlab.polenov.ru:443 "GET /api/v4/projects/1/members/36 HTTP/1.1" 200 None
2026-06-14 21:17:17 DEBUG   urllib3.connectionpool: https://gitlab.polenov.ru:443 "GET /api/v4/projects/1/members/37 HTTP/1.1" 200 None
2026-06-14 21:17:17 DEBUG   urllib3.connectionpool: https://gitlab.polenov.ru:443 "GET /api/v4/projects/1/members/38 HTTP/1.1" 200 None
2026-06-14 21:17:17 DEBUG   urllib3.connectionpool: https://gitlab.polenov.ru:443 "GET /api/v4/projects/1/members/39 HTTP/1.1" 200 None
2026-06-14 21:17:17 DEBUG   urllib3.connectionpool: https://gitlab.polenov.ru:443 "GET /api/v4/projects/1/members/41 HTTP/1.1" 200 None
2026-06-14 21:17:17 DEBUG   urllib3.connectionpool: https://gitlab.polenov.ru:443 "GET /api/v4/projects/1/members/42 HTTP/1.1" 200 None
2026-06-14 21:17:17 DEBUG   urllib3.connectionpool: https://gitlab.polenov.ru:443 "GET /api/v4/projects/1/members/43 HTTP/1.1" 200 None
2026-06-14 21:17:17 DEBUG   urllib3.connectionpool: https://gitlab.polenov.ru:443 "GET /api/v4/projects/1/members/44 HTTP/1.1" 200 None
2026-06-14 21:17:17 DEBUG   urllib3.connectionpool: https://gitlab.polenov.ru:443 "GET /api/v4/projects/1/members/45 HTTP/1.1" 200 None
2026-06-14 21:17:17 DEBUG   urllib3.connectionpool: https://gitlab.polenov.ru:443 "GET /api/v4/projects/1/members/46 HTTP/1.1" 200 None
2026-06-14 21:17:17 DEBUG   urllib3.connectionpool: https://gitlab.polenov.ru:443 "GET /api/v4/projects/2/members/36 HTTP/1.1" 200 None
2026-06-14 21:17:17 DEBUG   urllib3.connectionpool: https://gitlab.polenov.ru:443 "GET /api/v4/projects/2/members/37 HTTP/1.1" 200 None
2026-06-14 21:17:17 DEBUG   urllib3.connectionpool: https://gitlab.polenov.ru:443 "GET /api/v4/projects/2/members/38 HTTP/1.1" 200 None
2026-06-14 21:17:17 DEBUG   urllib3.connectionpool: https://gitlab.polenov.ru:443 "GET /api/v4/projects/2/members/39 HTTP/1.1" 200 None
2026-06-14 21:17:17 DEBUG   urllib3.connectionpool: https://gitlab.polenov.ru:443 "GET /api/v4/projects/2/members/41 HTTP/1.1" 200 None
2026-06-14 21:17:17 DEBUG   urllib3.connectionpool: https://gitlab.polenov.ru:443 "GET /api/v4/projects/2/members/42 HTTP/1.1" 200 None
2026-06-14 21:17:17 DEBUG   urllib3.connectionpool: https://gitlab.polenov.ru:443 "GET /api/v4/projects/2/members/43 HTTP/1.1" 200 None
2026-06-14 21:17:17 DEBUG   urllib3.connectionpool: https://gitlab.polenov.ru:443 "GET /api/v4/projects/2/members/44 HTTP/1.1" 200 None
2026-06-14 21:17:17 DEBUG   urllib3.connectionpool: https://gitlab.polenov.ru:443 "GET /api/v4/projects/2/members/45 HTTP/1.1" 200 None
2026-06-14 21:17:17 DEBUG   urllib3.connectionpool: https://gitlab.polenov.ru:443 "GET /api/v4/projects/2/members/46 HTTP/1.1" 200 None
2026-06-14 21:17:17 DEBUG   urllib3.connectionpool: https://gitlab.polenov.ru:443 "GET /api/v4/projects/3/members/36 HTTP/1.1" 200 None
2026-06-14 21:17:17 DEBUG   urllib3.connectionpool: https://gitlab.polenov.ru:443 "GET /api/v4/projects/3/members/37 HTTP/1.1" 200 None
2026-06-14 21:17:17 INFO    werkzeug: 127.0.0.1 - - [14/Jun/2026 21:17:17] "GET /api/logs?since=26 HTTP/1.1" 200 -
2026-06-14 21:17:17 DEBUG   urllib3.connectionpool: https://gitlab.polenov.ru:443 "GET /api/v4/projects/3/members/38 HTTP/1.1" 200 None
2026-06-14 21:17:17 DEBUG   urllib3.connectionpool: https://gitlab.polenov.ru:443 "GET /api/v4/projects/3/members/39 HTTP/1.1" 200 None
2026-06-14 21:17:17 DEBUG   urllib3.connectionpool: https://gitlab.polenov.ru:443 "GET /api/v4/projects/3/members/41 HTTP/1.1" 200 None
2026-06-14 21:17:17 DEBUG   urllib3.connectionpool: https://gitlab.polenov.ru:443 "GET /api/v4/projects/3/members/42 HTTP/1.1" 200 None
2026-06-14 21:17:17 DEBUG   urllib3.connectionpool: https://gitlab.polenov.ru:443 "GET /api/v4/projects/3/members/43 HTTP/1.1" 200 None
2026-06-14 21:17:18 DEBUG   urllib3.connectionpool: https://gitlab.polenov.ru:443 "GET /api/v4/projects/3/members/44 HTTP/1.1" 200 None
2026-06-14 21:17:18 DEBUG   urllib3.connectionpool: https://gitlab.polenov.ru:443 "GET /api/v4/projects/3/members/45 HTTP/1.1" 200 None
2026-06-14 21:17:18 DEBUG   urllib3.connectionpool: https://gitlab.polenov.ru:443 "GET /api/v4/projects/3/members/46 HTTP/1.1" 200 None
2026-06-14 21:17:18 DEBUG   urllib3.connectionpool: https://gitlab.polenov.ru:443 "GET /api/v4/projects/4/members/36 HTTP/1.1" 200 None
2026-06-14 21:17:18 DEBUG   urllib3.connectionpool: https://gitlab.polenov.ru:443 "GET /api/v4/projects/4/members/37 HTTP/1.1" 200 None
2026-06-14 21:17:18 DEBUG   urllib3.connectionpool: https://gitlab.polenov.ru:443 "GET /api/v4/projects/4/members/38 HTTP/1.1" 200 None
2026-06-14 21:17:18 DEBUG   urllib3.connectionpool: https://gitlab.polenov.ru:443 "GET /api/v4/projects/4/members/39 HTTP/1.1" 200 None
2026-06-14 21:17:18 DEBUG   urllib3.connectionpool: https://gitlab.polenov.ru:443 "GET /api/v4/projects/4/members/41 HTTP/1.1" 200 None
2026-06-14 21:17:18 DEBUG   urllib3.connectionpool: https://gitlab.polenov.ru:443 "GET /api/v4/projects/4/members/42 HTTP/1.1" 200 None
2026-06-14 21:17:18 DEBUG   urllib3.connectionpool: https://gitlab.polenov.ru:443 "GET /api/v4/projects/4/members/43 HTTP/1.1" 200 None
2026-06-14 21:17:18 INFO    werkzeug: 127.0.0.1 - - [14/Jun/2026 21:17:18] "GET /api/status HTTP/1.1" 200 -
2026-06-14 21:17:18 DEBUG   urllib3.connectionpool: https://gitlab.polenov.ru:443 "GET /api/v4/projects/4/members/44 HTTP/1.1" 200 None
2026-06-14 21:17:18 DEBUG   urllib3.connectionpool: https://gitlab.polenov.ru:443 "GET /api/v4/projects/4/members/45 HTTP/1.1" 200 None
2026-06-14 21:17:18 DEBUG   urllib3.connectionpool: https://gitlab.polenov.ru:443 "GET /api/v4/projects/4/members/46 HTTP/1.1" 200 None
2026-06-14 21:17:18 DEBUG   urllib3.connectionpool: https://gitlab.polenov.ru:443 "GET /api/v4/projects/5/members/36 HTTP/1.1" 200 None
2026-06-14 21:17:18 DEBUG   urllib3.connectionpool: https://gitlab.polenov.ru:443 "GET /api/v4/projects/5/members/37 HTTP/1.1" 200 None
2026-06-14 21:17:18 DEBUG   urllib3.connectionpool: https://gitlab.polenov.ru:443 "GET /api/v4/projects/5/members/38 HTTP/1.1" 200 None
2026-06-14 21:17:18 DEBUG   urllib3.connectionpool: https://gitlab.polenov.ru:443 "GET /api/v4/projects/5/members/39 HTTP/1.1" 200 None
2026-06-14 21:17:18 DEBUG   urllib3.connectionpool: https://gitlab.polenov.ru:443 "GET /api/v4/projects/5/members/41 HTTP/1.1" 200 None
2026-06-14 21:17:18 DEBUG   urllib3.connectionpool: https://gitlab.polenov.ru:443 "GET /api/v4/projects/5/members/42 HTTP/1.1" 200 None
2026-06-14 21:17:18 DEBUG   urllib3.connectionpool: https://gitlab.polenov.ru:443 "GET /api/v4/projects/5/members/43 HTTP/1.1" 200 None
2026-06-14 21:17:18 DEBUG   urllib3.connectionpool: https://gitlab.polenov.ru:443 "GET /api/v4/projects/5/members/44 HTTP/1.1" 200 None
2026-06-14 21:17:18 DEBUG   urllib3.connectionpool: https://gitlab.polenov.ru:443 "GET /api/v4/projects/5/members/45 HTTP/1.1" 200 None
2026-06-14 21:17:18 DEBUG   urllib3.connectionpool: https://gitlab.polenov.ru:443 "GET /api/v4/projects/5/members/46 HTTP/1.1" 200 None
2026-06-14 21:17:18 DEBUG   urllib3.connectionpool: https://gitlab.polenov.ru:443 "GET /api/v4/projects/6/members/36 HTTP/1.1" 200 None
2026-06-14 21:17:18 DEBUG   urllib3.connectionpool: https://gitlab.polenov.ru:443 "GET /api/v4/projects/6/members/37 HTTP/1.1" 200 None
2026-06-14 21:17:18 DEBUG   urllib3.connectionpool: https://gitlab.polenov.ru:443 "GET /api/v4/projects/6/members/38 HTTP/1.1" 200 None
2026-06-14 21:17:18 DEBUG   urllib3.connectionpool: https://gitlab.polenov.ru:443 "GET /api/v4/projects/6/members/39 HTTP/1.1" 200 None
2026-06-14 21:17:18 INFO    werkzeug: 127.0.0.1 - - [14/Jun/2026 21:17:18] "GET /api/logs?since=31 HTTP/1.1" 200 -
2026-06-14 21:17:18 INFO    werkzeug: 127.0.0.1 - - [14/Jun/2026 21:17:18] "GET /api/series HTTP/1.1" 200 -
2026-06-14 21:17:18 INFO    werkzeug: 127.0.0.1 - - [14/Jun/2026 21:17:18] "GET /api/events?n=120 HTTP/1.1" 200 -
2026-06-14 21:17:18 DEBUG   urllib3.connectionpool: https://gitlab.polenov.ru:443 "GET /api/v4/projects/6/members/41 HTTP/1.1" 200 None
2026-06-14 21:17:18 DEBUG   urllib3.connectionpool: https://gitlab.polenov.ru:443 "GET /api/v4/projects/6/members/42 HTTP/1.1" 200 None
2026-06-14 21:17:18 DEBUG   urllib3.connectionpool: https://gitlab.polenov.ru:443 "GET /api/v4/projects/6/members/43 HTTP/1.1" 200 None
2026-06-14 21:17:18 DEBUG   urllib3.connectionpool: https://gitlab.polenov.ru:443 "GET /api/v4/projects/6/members/44 HTTP/1.1" 200 None
2026-06-14 21:17:18 DEBUG   urllib3.connectionpool: https://gitlab.polenov.ru:443 "GET /api/v4/projects/6/members/45 HTTP/1.1" 200 None
2026-06-14 21:17:18 DEBUG   urllib3.connectionpool: https://gitlab.polenov.ru:443 "GET /api/v4/projects/6/members/46 HTTP/1.1" 200 None
2026-06-14 21:17:19 DEBUG   urllib3.connectionpool: https://gitlab.polenov.ru:443 "GET /api/v4/projects/12/members/36 HTTP/1.1" 200 None
2026-06-14 21:17:19 DEBUG   urllib3.connectionpool: https://gitlab.polenov.ru:443 "GET /api/v4/projects/12/members/37 HTTP/1.1" 200 None
2026-06-14 21:17:19 DEBUG   urllib3.connectionpool: https://gitlab.polenov.ru:443 "GET /api/v4/projects/12/members/38 HTTP/1.1" 200 None
2026-06-14 21:17:19 DEBUG   urllib3.connectionpool: https://gitlab.polenov.ru:443 "GET /api/v4/projects/12/members/39 HTTP/1.1" 200 None
2026-06-14 21:17:19 DEBUG   urllib3.connectionpool: https://gitlab.polenov.ru:443 "GET /api/v4/projects/12/members/41 HTTP/1.1" 200 None
2026-06-14 21:17:19 DEBUG   urllib3.connectionpool: https://gitlab.polenov.ru:443 "GET /api/v4/projects/12/members/42 HTTP/1.1" 200 None
2026-06-14 21:17:19 DEBUG   urllib3.connectionpool: https://gitlab.polenov.ru:443 "GET /api/v4/projects/12/members/43 HTTP/1.1" 200 None
2026-06-14 21:17:19 DEBUG   urllib3.connectionpool: https://gitlab.polenov.ru:443 "GET /api/v4/projects/12/members/44 HTTP/1.1" 200 None
2026-06-14 21:17:19 DEBUG   urllib3.connectionpool: https://gitlab.polenov.ru:443 "GET /api/v4/projects/12/members/45 HTTP/1.1" 200 None
2026-06-14 21:17:19 DEBUG   urllib3.connectionpool: https://gitlab.polenov.ru:443 "GET /api/v4/projects/12/members/46 HTTP/1.1" 200 None
2026-06-14 21:17:19 DEBUG   urllib3.connectionpool: https://gitlab.polenov.ru:443 "GET /api/v4/projects/11/members/36 HTTP/1.1" 200 None
2026-06-14 21:17:19 DEBUG   urllib3.connectionpool: https://gitlab.polenov.ru:443 "GET /api/v4/projects/11/members/37 HTTP/1.1" 200 None
2026-06-14 21:17:19 DEBUG   urllib3.connectionpool: https://gitlab.polenov.ru:443 "GET /api/v4/projects/11/members/38 HTTP/1.1" 200 None
2026-06-14 21:17:19 DEBUG   urllib3.connectionpool: https://gitlab.polenov.ru:443 "GET /api/v4/projects/11/members/39 HTTP/1.1" 200 None
2026-06-14 21:17:19 DEBUG   urllib3.connectionpool: https://gitlab.polenov.ru:443 "GET /api/v4/projects/11/members/41 HTTP/1.1" 200 None
2026-06-14 21:17:19 DEBUG   urllib3.connectionpool: https://gitlab.polenov.ru:443 "GET /api/v4/projects/11/members/42 HTTP/1.1" 200 None
2026-06-14 21:17:19 DEBUG   urllib3.connectionpool: https://gitlab.polenov.ru:443 "GET /api/v4/projects/11/members/43 HTTP/1.1" 200 None
2026-06-14 21:17:19 DEBUG   urllib3.connectionpool: https://gitlab.polenov.ru:443 "GET /api/v4/projects/11/members/44 HTTP/1.1" 200 None
2026-06-14 21:17:19 DEBUG   urllib3.connectionpool: https://gitlab.polenov.ru:443 "GET /api/v4/projects/11/members/45 HTTP/1.1" 200 None
2026-06-14 21:17:19 DEBUG   urllib3.connectionpool: https://gitlab.polenov.ru:443 "GET /api/v4/projects/11/members/46 HTTP/1.1" 200 None
2026-06-14 21:17:19 DEBUG   urllib3.connectionpool: https://gitlab.polenov.ru:443 "GET /api/v4/projects/10/members/36 HTTP/1.1" 200 None
2026-06-14 21:17:19 DEBUG   urllib3.connectionpool: https://gitlab.polenov.ru:443 "GET /api/v4/projects/10/members/37 HTTP/1.1" 200 None
2026-06-14 21:17:19 DEBUG   urllib3.connectionpool: https://gitlab.polenov.ru:443 "GET /api/v4/projects/10/members/38 HTTP/1.1" 200 None
2026-06-14 21:17:19 DEBUG   urllib3.connectionpool: https://gitlab.polenov.ru:443 "GET /api/v4/projects/10/members/39 HTTP/1.1" 200 None
2026-06-14 21:17:19 DEBUG   urllib3.connectionpool: https://gitlab.polenov.ru:443 "GET /api/v4/projects/10/members/41 HTTP/1.1" 200 None
2026-06-14 21:17:19 DEBUG   urllib3.connectionpool: https://gitlab.polenov.ru:443 "GET /api/v4/projects/10/members/42 HTTP/1.1" 200 None
2026-06-14 21:17:19 INFO    werkzeug: 127.0.0.1 - - [14/Jun/2026 21:17:19] "GET /api/status HTTP/1.1" 200 -
2026-06-14 21:17:19 INFO    werkzeug: 127.0.0.1 - - [14/Jun/2026 21:17:19] "GET /api/logs?since=33 HTTP/1.1" 200 -
2026-06-14 21:17:19 INFO    werkzeug: 127.0.0.1 - - [14/Jun/2026 21:17:19] "GET /api/insights HTTP/1.1" 200 -
2026-06-14 21:17:19 DEBUG   urllib3.connectionpool: https://gitlab.polenov.ru:443 "GET /api/v4/projects/10/members/43 HTTP/1.1" 200 None
2026-06-14 21:17:19 DEBUG   urllib3.connectionpool: https://gitlab.polenov.ru:443 "GET /api/v4/projects/10/members/44 HTTP/1.1" 200 None
2026-06-14 21:17:19 DEBUG   urllib3.connectionpool: https://gitlab.polenov.ru:443 "GET /api/v4/projects/10/members/45 HTTP/1.1" 200 None
2026-06-14 21:17:19 DEBUG   urllib3.connectionpool: https://gitlab.polenov.ru:443 "GET /api/v4/projects/10/members/46 HTTP/1.1" 200 None
2026-06-14 21:17:19 DEBUG   urllib3.connectionpool: https://gitlab.polenov.ru:443 "GET /api/v4/projects/9/members/36 HTTP/1.1" 200 None
2026-06-14 21:17:20 DEBUG   urllib3.connectionpool: https://gitlab.polenov.ru:443 "GET /api/v4/projects/9/members/37 HTTP/1.1" 200 None
2026-06-14 21:17:20 DEBUG   urllib3.connectionpool: https://gitlab.polenov.ru:443 "GET /api/v4/projects/9/members/38 HTTP/1.1" 200 None
2026-06-14 21:17:20 DEBUG   urllib3.connectionpool: https://gitlab.polenov.ru:443 "GET /api/v4/projects/9/members/39 HTTP/1.1" 200 None
2026-06-14 21:17:20 DEBUG   urllib3.connectionpool: https://gitlab.polenov.ru:443 "GET /api/v4/projects/9/members/41 HTTP/1.1" 200 None
2026-06-14 21:17:20 DEBUG   urllib3.connectionpool: https://gitlab.polenov.ru:443 "GET /api/v4/projects/9/members/42 HTTP/1.1" 200 None
2026-06-14 21:17:20 DEBUG   urllib3.connectionpool: https://gitlab.polenov.ru:443 "GET /api/v4/projects/9/members/43 HTTP/1.1" 200 None
2026-06-14 21:17:20 DEBUG   urllib3.connectionpool: https://gitlab.polenov.ru:443 "GET /api/v4/projects/9/members/44 HTTP/1.1" 200 None
2026-06-14 21:17:20 DEBUG   urllib3.connectionpool: https://gitlab.polenov.ru:443 "GET /api/v4/projects/9/members/45 HTTP/1.1" 200 None
2026-06-14 21:17:20 DEBUG   urllib3.connectionpool: https://gitlab.polenov.ru:443 "GET /api/v4/projects/9/members/46 HTTP/1.1" 200 None
2026-06-14 21:17:20 DEBUG   urllib3.connectionpool: https://gitlab.polenov.ru:443 "GET /api/v4/projects/8/members/36 HTTP/1.1" 200 None
2026-06-14 21:17:20 DEBUG   urllib3.connectionpool: https://gitlab.polenov.ru:443 "GET /api/v4/projects/8/members/37 HTTP/1.1" 200 None
2026-06-14 21:17:20 DEBUG   urllib3.connectionpool: https://gitlab.polenov.ru:443 "GET /api/v4/projects/8/members/38 HTTP/1.1" 200 None
2026-06-14 21:17:20 DEBUG   urllib3.connectionpool: https://gitlab.polenov.ru:443 "GET /api/v4/projects/8/members/39 HTTP/1.1" 200 None
2026-06-14 21:17:20 DEBUG   urllib3.connectionpool: https://gitlab.polenov.ru:443 "GET /api/v4/projects/8/members/41 HTTP/1.1" 200 None
2026-06-14 21:17:20 DEBUG   urllib3.connectionpool: https://gitlab.polenov.ru:443 "GET /api/v4/projects/8/members/42 HTTP/1.1" 200 None
2026-06-14 21:17:20 DEBUG   urllib3.connectionpool: https://gitlab.polenov.ru:443 "GET /api/v4/projects/8/members/43 HTTP/1.1" 200 None
2026-06-14 21:17:20 DEBUG   urllib3.connectionpool: https://gitlab.polenov.ru:443 "GET /api/v4/projects/8/members/44 HTTP/1.1" 200 None
2026-06-14 21:17:20 INFO    webapp: Подключение к GitLab https://gitlab.polenov.ru ...
2026-06-14 21:17:20 DEBUG   urllib3.connectionpool: Starting new HTTPS connection (1): gitlab.polenov.ru:443
2026-06-14 21:17:20 DEBUG   urllib3.connectionpool: https://gitlab.polenov.ru:443 "GET /api/v4/projects/8/members/45 HTTP/1.1" 200 None
2026-06-14 21:17:20 DEBUG   urllib3.connectionpool: https://gitlab.polenov.ru:443 "GET /api/v4/projects/8/members/46 HTTP/1.1" 200 None
2026-06-14 21:17:20 DEBUG   urllib3.connectionpool: https://gitlab.polenov.ru:443 "GET /api/v4/version HTTP/1.1" 200 246
2026-06-14 21:17:20 INFO    webapp: GitLab OK: GitLab 19.0.1
2026-06-14 21:17:20 INFO    webapp: Инициализация среды (репозитории, сотрудники, права)...
2026-06-14 21:17:20 DEBUG   urllib3.connectionpool: https://gitlab.polenov.ru:443 "GET /api/v4/projects/7/members/36 HTTP/1.1" 200 None
2026-06-14 21:17:20 DEBUG   urllib3.connectionpool: https://gitlab.polenov.ru:443 "GET /api/v4/projects/7/members/37 HTTP/1.1" 200 None
2026-06-14 21:17:20 DEBUG   urllib3.connectionpool: https://gitlab.polenov.ru:443 "GET /api/v4/projects/7/members/38 HTTP/1.1" 200 None
2026-06-14 21:17:20 DEBUG   urllib3.connectionpool: https://gitlab.polenov.ru:443 "GET /api/v4/groups/soc-team/projects?per_page=100&simple=True&include_subgroups=True&archived=False HTTP/1.1" 200 None
2026-06-14 21:17:20 DEBUG   urllib3.connectionpool: https://gitlab.polenov.ru:443 "GET /api/v4/projects/7/members/39 HTTP/1.1" 200 None
2026-06-14 21:17:20 INFO    werkzeug: 127.0.0.1 - - [14/Jun/2026 21:17:20] "GET /api/logs?since=37 HTTP/1.1" 200 -
2026-06-14 21:17:20 INFO    werkzeug: 127.0.0.1 - - [14/Jun/2026 21:17:20] "GET /api/series HTTP/1.1" 200 -
2026-06-14 21:17:20 INFO    werkzeug: 127.0.0.1 - - [14/Jun/2026 21:17:20] "GET /api/events?n=120 HTTP/1.1" 200 -
2026-06-14 21:17:20 DEBUG   urllib3.connectionpool: https://gitlab.polenov.ru:443 "GET /api/v4/projects/7/members/41 HTTP/1.1" 200 None
2026-06-14 21:17:20 DEBUG   urllib3.connectionpool: https://gitlab.polenov.ru:443 "GET /api/v4/projects/7/members/42 HTTP/1.1" 200 None
2026-06-14 21:17:20 DEBUG   urllib3.connectionpool: https://gitlab.polenov.ru:443 "GET /api/v4/projects/7/members/43 HTTP/1.1" 200 None
2026-06-14 21:17:20 DEBUG   urllib3.connectionpool: https://gitlab.polenov.ru:443 "GET /api/v4/projects/7/members/44 HTTP/1.1" 200 None
2026-06-14 21:17:20 DEBUG   urllib3.connectionpool: https://gitlab.polenov.ru:443 "GET /api/v4/projects/7/members/45 HTTP/1.1" 200 None
2026-06-14 21:17:21 DEBUG   urllib3.connectionpool: https://gitlab.polenov.ru:443 "GET /api/v4/projects/7/members/46 HTTP/1.1" 200 None
2026-06-14 21:17:21 INFO    bootstrap: Среда готова: репозиториев 12 (новых 0), сотрудников 10 (новых 0), назначений прав 120
2026-06-14 21:17:21 INFO    state: [State] загружено: 1 правил, спринт #1
2026-06-14 21:17:21 INFO    webapp: Инициализация токенов агентов (11)...
2026-06-14 21:17:21 DEBUG   urllib3.connectionpool: Starting new HTTPS connection (2): gitlab.polenov.ru:443
2026-06-14 21:17:21 DEBUG   urllib3.connectionpool: https://gitlab.polenov.ru:443 "GET /api/v4/groups/soc-team HTTP/1.1" 200 None
2026-06-14 21:17:21 DEBUG   urllib3.connectionpool: https://gitlab.polenov.ru:443 "GET /api/v4/users/36/impersonation_tokens?state=active HTTP/1.1" 200 None
2026-06-14 21:17:21 DEBUG   urllib3.connectionpool: https://gitlab.polenov.ru:443 "POST /api/v4/users/36/impersonation_tokens HTTP/1.1" 201 301
2026-06-14 21:17:21 INFO    gitlab_client: Created impersonation token for alex.petrov
2026-06-14 21:17:21 DEBUG   urllib3.connectionpool: https://gitlab.polenov.ru:443 "PUT /api/v4/projects/1 HTTP/1.1" 200 None
2026-06-14 21:17:21 DEBUG   urllib3.connectionpool: https://gitlab.polenov.ru:443 "GET /api/v4/users/37/impersonation_tokens?state=active HTTP/1.1" 200 None
2026-06-14 21:17:21 DEBUG   urllib3.connectionpool: https://gitlab.polenov.ru:443 "POST /api/v4/users/37/impersonation_tokens HTTP/1.1" 201 301
2026-06-14 21:17:21 INFO    gitlab_client: Created impersonation token for maria.ivanova
2026-06-14 21:17:21 DEBUG   urllib3.connectionpool: https://gitlab.polenov.ru:443 "GET /api/v4/users/38/impersonation_tokens?state=active HTTP/1.1" 200 None
2026-06-14 21:17:21 DEBUG   urllib3.connectionpool: https://gitlab.polenov.ru:443 "PUT /api/v4/projects/2 HTTP/1.1" 200 None
2026-06-14 21:17:21 INFO    werkzeug: 127.0.0.1 - - [14/Jun/2026 21:17:21] "GET /api/status HTTP/1.1" 200 -
2026-06-14 21:17:21 DEBUG   urllib3.connectionpool: https://gitlab.polenov.ru:443 "POST /api/v4/users/38/impersonation_tokens HTTP/1.1" 201 301
2026-06-14 21:17:21 INFO    gitlab_client: Created impersonation token for dmitry.kozlov
2026-06-14 21:17:21 DEBUG   urllib3.connectionpool: https://gitlab.polenov.ru:443 "GET /api/v4/users/39/impersonation_tokens?state=active HTTP/1.1" 200 None
2026-06-14 21:17:21 DEBUG   urllib3.connectionpool: https://gitlab.polenov.ru:443 "PUT /api/v4/projects/3 HTTP/1.1" 200 None
2026-06-14 21:17:21 DEBUG   urllib3.connectionpool: https://gitlab.polenov.ru:443 "POST /api/v4/users/39/impersonation_tokens HTTP/1.1" 201 301
2026-06-14 21:17:21 INFO    gitlab_client: Created impersonation token for anna.smirnova
2026-06-14 21:17:21 DEBUG   urllib3.connectionpool: https://gitlab.polenov.ru:443 "GET /api/v4/users/40/impersonation_tokens?state=active HTTP/1.1" 200 None
2026-06-14 21:17:21 DEBUG   urllib3.connectionpool: https://gitlab.polenov.ru:443 "PUT /api/v4/projects/4 HTTP/1.1" 200 None
2026-06-14 21:17:21 DEBUG   urllib3.connectionpool: https://gitlab.polenov.ru:443 "POST /api/v4/users/40/impersonation_tokens HTTP/1.1" 201 301
2026-06-14 21:17:21 INFO    gitlab_client: Created impersonation token for soc-bot
2026-06-14 21:17:21 DEBUG   urllib3.connectionpool: https://gitlab.polenov.ru:443 "GET /api/v4/users/41/impersonation_tokens?state=active HTTP/1.1" 200 None
2026-06-14 21:17:21 DEBUG   urllib3.connectionpool: https://gitlab.polenov.ru:443 "PUT /api/v4/projects/5 HTTP/1.1" 200 None
2026-06-14 21:17:21 DEBUG   urllib3.connectionpool: https://gitlab.polenov.ru:443 "POST /api/v4/users/41/impersonation_tokens HTTP/1.1" 201 301
2026-06-14 21:17:21 INFO    gitlab_client: Created impersonation token for sergey.volkov
2026-06-14 21:17:21 DEBUG   urllib3.connectionpool: https://gitlab.polenov.ru:443 "GET /api/v4/users/42/impersonation_tokens?state=active HTTP/1.1" 200 None
2026-06-14 21:17:21 DEBUG   urllib3.connectionpool: https://gitlab.polenov.ru:443 "POST /api/v4/users/42/impersonation_tokens HTTP/1.1" 201 301
2026-06-14 21:17:21 INFO    gitlab_client: Created impersonation token for olga.novak
2026-06-14 21:17:21 DEBUG   urllib3.connectionpool: https://gitlab.polenov.ru:443 "PUT /api/v4/projects/6 HTTP/1.1" 200 None
2026-06-14 21:17:21 DEBUG   urllib3.connectionpool: https://gitlab.polenov.ru:443 "GET /api/v4/users/43/impersonation_tokens?state=active HTTP/1.1" 200 None
2026-06-14 21:17:21 DEBUG   urllib3.connectionpool: https://gitlab.polenov.ru:443 "POST /api/v4/users/43/impersonation_tokens HTTP/1.1" 201 301
2026-06-14 21:17:21 INFO    gitlab_client: Created impersonation token for pavel.morozov
2026-06-14 21:17:21 DEBUG   urllib3.connectionpool: https://gitlab.polenov.ru:443 "GET /api/v4/users/44/impersonation_tokens?state=active HTTP/1.1" 200 None
2026-06-14 21:17:21 DEBUG   urllib3.connectionpool: https://gitlab.polenov.ru:443 "PUT /api/v4/projects/12 HTTP/1.1" 200 None
2026-06-14 21:17:21 DEBUG   urllib3.connectionpool: https://gitlab.polenov.ru:443 "POST /api/v4/users/44/impersonation_tokens HTTP/1.1" 201 301
2026-06-14 21:17:21 INFO    gitlab_client: Created impersonation token for irina.belova
2026-06-14 21:17:21 INFO    werkzeug: 127.0.0.1 - - [14/Jun/2026 21:17:21] "GET /api/logs?since=42 HTTP/1.1" 200 -
2026-06-14 21:17:21 DEBUG   urllib3.connectionpool: https://gitlab.polenov.ru:443 "GET /api/v4/users/45/impersonation_tokens?state=active HTTP/1.1" 200 None
2026-06-14 21:17:21 DEBUG   urllib3.connectionpool: https://gitlab.polenov.ru:443 "PUT /api/v4/projects/11 HTTP/1.1" 200 None
2026-06-14 21:17:21 DEBUG   urllib3.connectionpool: https://gitlab.polenov.ru:443 "POST /api/v4/users/45/impersonation_tokens HTTP/1.1" 201 301
2026-06-14 21:17:21 INFO    gitlab_client: Created impersonation token for nikita.orlov
2026-06-14 21:17:21 DEBUG   urllib3.connectionpool: https://gitlab.polenov.ru:443 "GET /api/v4/users/46/impersonation_tokens?state=active HTTP/1.1" 200 None
2026-06-14 21:17:21 DEBUG   urllib3.connectionpool: https://gitlab.polenov.ru:443 "PUT /api/v4/projects/10 HTTP/1.1" 200 None
2026-06-14 21:17:21 DEBUG   urllib3.connectionpool: https://gitlab.polenov.ru:443 "POST /api/v4/users/46/impersonation_tokens HTTP/1.1" 201 301
2026-06-14 21:17:22 INFO    gitlab_client: Created impersonation token for elena.kuzmina
2026-06-14 21:17:22 INFO    webapp: Симуляция запущена
2026-06-14 21:17:22 INFO    werkzeug: 127.0.0.1 - - [14/Jun/2026 21:17:22] "POST /api/start HTTP/1.1" 200 -
2026-06-14 21:17:22 DEBUG   urllib3.connectionpool: Starting new HTTPS connection (1): api.telegram.org:443
2026-06-14 21:17:22 DEBUG   urllib3.connectionpool: https://gitlab.polenov.ru:443 "PUT /api/v4/projects/9 HTTP/1.1" 200 None
2026-06-14 21:17:22 DEBUG   urllib3.connectionpool: https://gitlab.polenov.ru:443 "PUT /api/v4/projects/8 HTTP/1.1" 200 None
2026-06-14 21:17:22 DEBUG   urllib3.connectionpool: https://gitlab.polenov.ru:443 "PUT /api/v4/projects/7 HTTP/1.1" 200 None
2026-06-14 21:17:22 DEBUG   urllib3.connectionpool: https://gitlab.polenov.ru:443 "GET /api/v4/projects/1/members/36 HTTP/1.1" 200 None
2026-06-14 21:17:22 DEBUG   urllib3.connectionpool: https://gitlab.polenov.ru:443 "GET /api/v4/projects/1/members/37 HTTP/1.1" 200 None
2026-06-14 21:17:22 DEBUG   urllib3.connectionpool: https://gitlab.polenov.ru:443 "GET /api/v4/projects/1/members/38 HTTP/1.1" 200 None
2026-06-14 21:17:22 DEBUG   urllib3.connectionpool: https://gitlab.polenov.ru:443 "GET /api/v4/projects/1/members/39 HTTP/1.1" 200 None
2026-06-14 21:17:22 DEBUG   urllib3.connectionpool: https://gitlab.polenov.ru:443 "GET /api/v4/projects/1/members/41 HTTP/1.1" 200 None
2026-06-14 21:17:22 DEBUG   urllib3.connectionpool: https://gitlab.polenov.ru:443 "GET /api/v4/projects/1/members/42 HTTP/1.1" 200 None
2026-06-14 21:17:22 DEBUG   urllib3.connectionpool: https://gitlab.polenov.ru:443 "GET /api/v4/projects/1/members/43 HTTP/1.1" 200 None
2026-06-14 21:17:22 DEBUG   urllib3.connectionpool: https://gitlab.polenov.ru:443 "GET /api/v4/projects/1/members/44 HTTP/1.1" 200 None
2026-06-14 21:17:22 DEBUG   urllib3.connectionpool: https://gitlab.polenov.ru:443 "GET /api/v4/projects/1/members/45 HTTP/1.1" 200 None
2026-06-14 21:17:22 DEBUG   urllib3.connectionpool: https://gitlab.polenov.ru:443 "GET /api/v4/projects/1/members/46 HTTP/1.1" 200 None
2026-06-14 21:17:22 DEBUG   urllib3.connectionpool: https://gitlab.polenov.ru:443 "GET /api/v4/projects/2/members/36 HTTP/1.1" 200 None
2026-06-14 21:17:22 DEBUG   urllib3.connectionpool: https://gitlab.polenov.ru:443 "GET /api/v4/projects/2/members/37 HTTP/1.1" 200 None
2026-06-14 21:17:22 DEBUG   urllib3.connectionpool: https://gitlab.polenov.ru:443 "GET /api/v4/projects/2/members/38 HTTP/1.1" 200 None
2026-06-14 21:17:22 DEBUG   urllib3.connectionpool: https://gitlab.polenov.ru:443 "GET /api/v4/projects/2/members/39 HTTP/1.1" 200 None
2026-06-14 21:17:22 DEBUG   urllib3.connectionpool: https://gitlab.polenov.ru:443 "GET /api/v4/projects/2/members/41 HTTP/1.1" 200 None
2026-06-14 21:17:22 DEBUG   urllib3.connectionpool: https://gitlab.polenov.ru:443 "GET /api/v4/projects/2/members/42 HTTP/1.1" 200 None
2026-06-14 21:17:22 DEBUG   urllib3.connectionpool: https://gitlab.polenov.ru:443 "GET /api/v4/projects/2/members/43 HTTP/1.1" 200 None
2026-06-14 21:17:22 DEBUG   urllib3.connectionpool: https://gitlab.polenov.ru:443 "GET /api/v4/projects/2/members/44 HTTP/1.1" 200 None
2026-06-14 21:17:22 INFO    werkzeug: 127.0.0.1 - - [14/Jun/2026 21:17:22] "GET /api/status HTTP/1.1" 200 -
2026-06-14 21:17:22 INFO    werkzeug: 127.0.0.1 - - [14/Jun/2026 21:17:22] "GET /api/logs?since=58 HTTP/1.1" 200 -
2026-06-14 21:17:22 INFO    werkzeug: 127.0.0.1 - - [14/Jun/2026 21:17:22] "GET /api/series HTTP/1.1" 200 -
2026-06-14 21:17:22 DEBUG   urllib3.connectionpool: https://gitlab.polenov.ru:443 "GET /api/v4/projects/2/members/45 HTTP/1.1" 200 None
2026-06-14 21:17:22 INFO    werkzeug: 127.0.0.1 - - [14/Jun/2026 21:17:22] "GET /api/events?n=120 HTTP/1.1" 200 -
2026-06-14 21:17:22 INFO    werkzeug: 127.0.0.1 - - [14/Jun/2026 21:17:22] "GET /api/insights HTTP/1.1" 200 -
2026-06-14 21:17:22 DEBUG   urllib3.connectionpool: https://gitlab.polenov.ru:443 "GET /api/v4/projects/2/members/46 HTTP/1.1" 200 None
2026-06-14 21:17:22 DEBUG   urllib3.connectionpool: https://gitlab.polenov.ru:443 "GET /api/v4/projects/3/members/36 HTTP/1.1" 200 None
2026-06-14 21:17:22 DEBUG   urllib3.connectionpool: https://gitlab.polenov.ru:443 "GET /api/v4/projects/3/members/37 HTTP/1.1" 200 None
2026-06-14 21:17:22 DEBUG   urllib3.connectionpool: https://gitlab.polenov.ru:443 "GET /api/v4/projects/3/members/38 HTTP/1.1" 200 None
2026-06-14 21:17:22 DEBUG   urllib3.connectionpool: https://api.telegram.org:443 "POST /bot8717621147:AAGd2snyzC4TOfTDCXgyKXx8MimMA_nsmzM/sendMessage HTTP/1.1" 200 382
2026-06-14 21:17:22 DEBUG   urllib3.connectionpool: https://gitlab.polenov.ru:443 "GET /api/v4/projects/3/members/39 HTTP/1.1" 200 None
2026-06-14 21:17:23 DEBUG   urllib3.connectionpool: https://gitlab.polenov.ru:443 "GET /api/v4/projects/3/members/41 HTTP/1.1" 200 None
2026-06-14 21:17:23 DEBUG   urllib3.connectionpool: https://gitlab.polenov.ru:443 "GET /api/v4/projects/3/members/42 HTTP/1.1" 200 None
2026-06-14 21:17:23 DEBUG   urllib3.connectionpool: https://gitlab.polenov.ru:443 "GET /api/v4/projects/3/members/43 HTTP/1.1" 200 None
2026-06-14 21:17:23 DEBUG   urllib3.connectionpool: https://gitlab.polenov.ru:443 "GET /api/v4/projects/3/members/44 HTTP/1.1" 200 None
2026-06-14 21:17:23 DEBUG   urllib3.connectionpool: https://gitlab.polenov.ru:443 "GET /api/v4/projects/3/members/45 HTTP/1.1" 200 None
2026-06-14 21:17:23 DEBUG   urllib3.connectionpool: https://gitlab.polenov.ru:443 "GET /api/v4/projects/3/members/46 HTTP/1.1" 200 None
2026-06-14 21:17:23 DEBUG   urllib3.connectionpool: https://gitlab.polenov.ru:443 "GET /api/v4/projects/4/members/36 HTTP/1.1" 200 None
2026-06-14 21:17:23 DEBUG   urllib3.connectionpool: https://gitlab.polenov.ru:443 "GET /api/v4/projects/4/members/37 HTTP/1.1" 200 None
2026-06-14 21:17:23 DEBUG   urllib3.connectionpool: https://gitlab.polenov.ru:443 "GET /api/v4/projects/4/members/38 HTTP/1.1" 200 None
2026-06-14 21:17:23 DEBUG   urllib3.connectionpool: https://gitlab.polenov.ru:443 "GET /api/v4/projects/4/members/39 HTTP/1.1" 200 None
2026-06-14 21:17:23 DEBUG   urllib3.connectionpool: https://gitlab.polenov.ru:443 "GET /api/v4/projects/4/members/41 HTTP/1.1" 200 None
2026-06-14 21:17:23 DEBUG   urllib3.connectionpool: https://gitlab.polenov.ru:443 "GET /api/v4/projects/4/members/42 HTTP/1.1" 200 None
2026-06-14 21:17:23 DEBUG   urllib3.connectionpool: https://gitlab.polenov.ru:443 "GET /api/v4/projects/4/members/43 HTTP/1.1" 200 None
2026-06-14 21:17:23 DEBUG   urllib3.connectionpool: https://gitlab.polenov.ru:443 "GET /api/v4/projects/4/members/44 HTTP/1.1" 200 None
2026-06-14 21:17:23 DEBUG   urllib3.connectionpool: https://gitlab.polenov.ru:443 "GET /api/v4/projects/4/members/45 HTTP/1.1" 200 None
2026-06-14 21:17:23 DEBUG   urllib3.connectionpool: https://gitlab.polenov.ru:443 "GET /api/v4/projects/4/members/46 HTTP/1.1" 200 None
2026-06-14 21:17:23 DEBUG   urllib3.connectionpool: https://gitlab.polenov.ru:443 "GET /api/v4/projects/5/members/36 HTTP/1.1" 200 None
2026-06-14 21:17:23 DEBUG   urllib3.connectionpool: https://gitlab.polenov.ru:443 "GET /api/v4/projects/5/members/37 HTTP/1.1" 200 None
2026-06-14 21:17:23 DEBUG   urllib3.connectionpool: https://gitlab.polenov.ru:443 "GET /api/v4/projects/5/members/38 HTTP/1.1" 200 None
2026-06-14 21:17:23 DEBUG   urllib3.connectionpool: https://gitlab.polenov.ru:443 "GET /api/v4/projects/5/members/39 HTTP/1.1" 200 None
2026-06-14 21:17:23 DEBUG   urllib3.connectionpool: https://gitlab.polenov.ru:443 "GET /api/v4/projects/5/members/41 HTTP/1.1" 200 None
2026-06-14 21:17:23 DEBUG   urllib3.connectionpool: https://gitlab.polenov.ru:443 "GET /api/v4/projects/5/members/42 HTTP/1.1" 200 None
2026-06-14 21:17:23 DEBUG   urllib3.connectionpool: https://gitlab.polenov.ru:443 "GET /api/v4/projects/5/members/43 HTTP/1.1" 200 None
2026-06-14 21:17:23 DEBUG   urllib3.connectionpool: https://gitlab.polenov.ru:443 "GET /api/v4/projects/5/members/44 HTTP/1.1" 200 None
2026-06-14 21:17:23 DEBUG   urllib3.connectionpool: https://gitlab.polenov.ru:443 "GET /api/v4/projects/5/members/45 HTTP/1.1" 200 None
2026-06-14 21:17:23 DEBUG   urllib3.connectionpool: https://gitlab.polenov.ru:443 "GET /api/v4/projects/5/members/46 HTTP/1.1" 200 None
2026-06-14 21:17:23 INFO    werkzeug: 127.0.0.1 - - [14/Jun/2026 21:17:23] "GET /api/logs?since=64 HTTP/1.1" 200 -
2026-06-14 21:17:23 INFO    werkzeug: 127.0.0.1 - - [14/Jun/2026 21:17:23] "GET /api/status HTTP/1.1" 200 -
2026-06-14 21:17:23 INFO    werkzeug: 127.0.0.1 - - [14/Jun/2026 21:17:23] "GET /api/logs?since=1773 HTTP/1.1" 200 -
2026-06-14 21:17:23 INFO    werkzeug: 127.0.0.1 - - [14/Jun/2026 21:17:23] "GET /api/series HTTP/1.1" 200 -
2026-06-14 21:17:23 INFO    werkzeug: 127.0.0.1 - - [14/Jun/2026 21:17:23] "GET /api/events?n=120 HTTP/1.1" 200 -
2026-06-14 21:17:23 INFO    werkzeug: 127.0.0.1 - - [14/Jun/2026 21:17:23] "GET /api/logs?since=1879 HTTP/1.1" 200 -
2026-06-14 21:17:23 INFO    werkzeug: 127.0.0.1 - - [14/Jun/2026 21:17:23] "GET /api/status HTTP/1.1" 200 -
2026-06-14 21:17:23 INFO    werkzeug: 127.0.0.1 - - [14/Jun/2026 21:17:23] "GET /api/series HTTP/1.1" 200 -
2026-06-14 21:17:23 INFO    werkzeug: 127.0.0.1 - - [14/Jun/2026 21:17:23] "GET /api/events?n=120 HTTP/1.1" 200 -
2026-06-14 21:17:23 DEBUG   urllib3.connectionpool: https://gitlab.polenov.ru:443 "GET /api/v4/projects/6/members/36 HTTP/1.1" 200 None
2026-06-14 21:17:23 DEBUG   urllib3.connectionpool: https://gitlab.polenov.ru:443 "GET /api/v4/projects/6/members/37 HTTP/1.1" 200 None
2026-06-14 21:17:23 DEBUG   urllib3.connectionpool: https://gitlab.polenov.ru:443 "GET /api/v4/projects/6/members/38 HTTP/1.1" 200 None
2026-06-14 21:17:23 DEBUG   urllib3.connectionpool: https://gitlab.polenov.ru:443 "GET /api/v4/projects/6/members/39 HTTP/1.1" 200 None
2026-06-14 21:17:23 DEBUG   urllib3.connectionpool: https://gitlab.polenov.ru:443 "GET /api/v4/projects/6/members/41 HTTP/1.1" 200 None
2026-06-14 21:17:24 DEBUG   urllib3.connectionpool: https://gitlab.polenov.ru:443 "GET /api/v4/projects/6/members/42 HTTP/1.1" 200 None
2026-06-14 21:17:24 DEBUG   urllib3.connectionpool: https://gitlab.polenov.ru:443 "GET /api/v4/projects/6/members/43 HTTP/1.1" 200 None
2026-06-14 21:17:24 DEBUG   urllib3.connectionpool: https://gitlab.polenov.ru:443 "GET /api/v4/projects/6/members/44 HTTP/1.1" 200 None
2026-06-14 21:17:24 DEBUG   urllib3.connectionpool: https://gitlab.polenov.ru:443 "GET /api/v4/projects/6/members/45 HTTP/1.1" 200 None
2026-06-14 21:17:24 DEBUG   urllib3.connectionpool: https://gitlab.polenov.ru:443 "GET /api/v4/projects/6/members/46 HTTP/1.1" 200 None
2026-06-14 21:17:24 DEBUG   urllib3.connectionpool: https://gitlab.polenov.ru:443 "GET /api/v4/projects/12/members/36 HTTP/1.1" 200 None
2026-06-14 21:17:24 DEBUG   urllib3.connectionpool: https://gitlab.polenov.ru:443 "GET /api/v4/projects/12/members/37 HTTP/1.1" 200 None
2026-06-14 21:17:24 DEBUG   urllib3.connectionpool: https://gitlab.polenov.ru:443 "GET /api/v4/projects/12/members/38 HTTP/1.1" 200 None
2026-06-14 21:17:24 DEBUG   urllib3.connectionpool: https://gitlab.polenov.ru:443 "GET /api/v4/projects/12/members/39 HTTP/1.1" 200 None
2026-06-14 21:17:24 DEBUG   urllib3.connectionpool: https://gitlab.polenov.ru:443 "GET /api/v4/projects/12/members/41 HTTP/1.1" 200 None
2026-06-14 21:17:24 INFO    werkzeug: 127.0.0.1 - - [14/Jun/2026 21:17:24] "GET /api/status HTTP/1.1" 200 -
2026-06-14 21:17:24 DEBUG   urllib3.connectionpool: https://gitlab.polenov.ru:443 "GET /api/v4/projects/12/members/42 HTTP/1.1" 200 None
2026-06-14 21:17:24 DEBUG   urllib3.connectionpool: https://gitlab.polenov.ru:443 "GET /api/v4/projects/12/members/43 HTTP/1.1" 200 None
2026-06-14 21:17:24 DEBUG   urllib3.connectionpool: https://gitlab.polenov.ru:443 "GET /api/v4/projects/12/members/44 HTTP/1.1" 200 None
2026-06-14 21:17:24 DEBUG   urllib3.connectionpool: https://gitlab.polenov.ru:443 "GET /api/v4/projects/12/members/45 HTTP/1.1" 200 None
2026-06-14 21:17:24 DEBUG   urllib3.connectionpool: https://gitlab.polenov.ru:443 "GET /api/v4/projects/12/members/46 HTTP/1.1" 200 None
2026-06-14 21:17:24 DEBUG   urllib3.connectionpool: https://gitlab.polenov.ru:443 "GET /api/v4/projects/11/members/36 HTTP/1.1" 200 None
2026-06-14 21:17:24 DEBUG   urllib3.connectionpool: https://gitlab.polenov.ru:443 "GET /api/v4/projects/11/members/37 HTTP/1.1" 200 None
2026-06-14 21:17:24 DEBUG   urllib3.connectionpool: https://gitlab.polenov.ru:443 "GET /api/v4/projects/11/members/38 HTTP/1.1" 200 None
2026-06-14 21:17:24 DEBUG   urllib3.connectionpool: https://gitlab.polenov.ru:443 "GET /api/v4/projects/11/members/39 HTTP/1.1" 200 None
2026-06-14 21:17:24 DEBUG   urllib3.connectionpool: https://gitlab.polenov.ru:443 "GET /api/v4/projects/11/members/41 HTTP/1.1" 200 None
2026-06-14 21:17:24 DEBUG   urllib3.connectionpool: https://gitlab.polenov.ru:443 "GET /api/v4/projects/11/members/42 HTTP/1.1" 200 None
2026-06-14 21:17:24 DEBUG   urllib3.connectionpool: https://gitlab.polenov.ru:443 "GET /api/v4/projects/11/members/43 HTTP/1.1" 200 None
2026-06-14 21:17:24 DEBUG   urllib3.connectionpool: https://gitlab.polenov.ru:443 "GET /api/v4/projects/11/members/44 HTTP/1.1" 200 None
2026-06-14 21:17:24 DEBUG   urllib3.connectionpool: https://gitlab.polenov.ru:443 "GET /api/v4/projects/11/members/45 HTTP/1.1" 200 None
2026-06-14 21:17:24 DEBUG   urllib3.connectionpool: https://gitlab.polenov.ru:443 "GET /api/v4/projects/11/members/46 HTTP/1.1" 200 None
2026-06-14 21:17:24 DEBUG   urllib3.connectionpool: https://gitlab.polenov.ru:443 "GET /api/v4/projects/10/members/36 HTTP/1.1" 200 None
2026-06-14 21:17:24 INFO    werkzeug: 127.0.0.1 - - [14/Jun/2026 21:17:24] "GET /api/logs?since=68 HTTP/1.1" 200 -
2026-06-14 21:17:24 INFO    werkzeug: 127.0.0.1 - - [14/Jun/2026 21:17:24] "GET /api/series HTTP/1.1" 200 -
2026-06-14 21:17:24 INFO    werkzeug: 127.0.0.1 - - [14/Jun/2026 21:17:24] "GET /api/events?n=120 HTTP/1.1" 200 -
2026-06-14 21:17:24 DEBUG   urllib3.connectionpool: https://gitlab.polenov.ru:443 "GET /api/v4/projects/10/members/37 HTTP/1.1" 200 None
2026-06-14 21:17:24 DEBUG   urllib3.connectionpool: https://gitlab.polenov.ru:443 "GET /api/v4/projects/10/members/38 HTTP/1.1" 200 None
2026-06-14 21:17:24 DEBUG   urllib3.connectionpool: https://gitlab.polenov.ru:443 "GET /api/v4/projects/10/members/39 HTTP/1.1" 200 None
2026-06-14 21:17:24 DEBUG   urllib3.connectionpool: https://gitlab.polenov.ru:443 "GET /api/v4/projects/10/members/41 HTTP/1.1" 200 None
2026-06-14 21:17:24 DEBUG   urllib3.connectionpool: https://gitlab.polenov.ru:443 "GET /api/v4/projects/10/members/42 HTTP/1.1" 200 None
2026-06-14 21:17:24 DEBUG   urllib3.connectionpool: https://gitlab.polenov.ru:443 "GET /api/v4/projects/10/members/43 HTTP/1.1" 200 None
2026-06-14 21:17:25 DEBUG   urllib3.connectionpool: https://gitlab.polenov.ru:443 "GET /api/v4/projects/10/members/44 HTTP/1.1" 200 None
2026-06-14 21:17:25 DEBUG   urllib3.connectionpool: https://gitlab.polenov.ru:443 "GET /api/v4/projects/10/members/45 HTTP/1.1" 200 None
2026-06-14 21:17:25 DEBUG   urllib3.connectionpool: https://gitlab.polenov.ru:443 "GET /api/v4/projects/10/members/46 HTTP/1.1" 200 None
2026-06-14 21:17:25 DEBUG   urllib3.connectionpool: https://gitlab.polenov.ru:443 "GET /api/v4/projects/9/members/36 HTTP/1.1" 200 None
2026-06-14 21:17:25 DEBUG   urllib3.connectionpool: https://gitlab.polenov.ru:443 "GET /api/v4/projects/9/members/37 HTTP/1.1" 200 None
2026-06-14 21:17:25 DEBUG   urllib3.connectionpool: https://gitlab.polenov.ru:443 "GET /api/v4/projects/9/members/38 HTTP/1.1" 200 None
2026-06-14 21:17:25 DEBUG   urllib3.connectionpool: https://gitlab.polenov.ru:443 "GET /api/v4/projects/9/members/39 HTTP/1.1" 200 None
2026-06-14 21:17:25 DEBUG   urllib3.connectionpool: https://gitlab.polenov.ru:443 "GET /api/v4/projects/9/members/41 HTTP/1.1" 200 None
2026-06-14 21:17:25 DEBUG   urllib3.connectionpool: https://gitlab.polenov.ru:443 "GET /api/v4/projects/9/members/42 HTTP/1.1" 200 None
2026-06-14 21:17:25 DEBUG   urllib3.connectionpool: https://gitlab.polenov.ru:443 "GET /api/v4/projects/9/members/43 HTTP/1.1" 200 None
2026-06-14 21:17:25 DEBUG   urllib3.connectionpool: https://gitlab.polenov.ru:443 "GET /api/v4/projects/9/members/44 HTTP/1.1" 200 None
2026-06-14 21:17:25 DEBUG   urllib3.connectionpool: https://gitlab.polenov.ru:443 "GET /api/v4/projects/9/members/45 HTTP/1.1" 200 None
2026-06-14 21:17:25 DEBUG   urllib3.connectionpool: https://gitlab.polenov.ru:443 "GET /api/v4/projects/9/members/46 HTTP/1.1" 200 None
2026-06-14 21:17:25 DEBUG   urllib3.connectionpool: https://gitlab.polenov.ru:443 "GET /api/v4/projects/8/members/36 HTTP/1.1" 200 None
2026-06-14 21:17:25 DEBUG   urllib3.connectionpool: https://gitlab.polenov.ru:443 "GET /api/v4/projects/8/members/37 HTTP/1.1" 200 None
2026-06-14 21:17:25 DEBUG   urllib3.connectionpool: https://gitlab.polenov.ru:443 "GET /api/v4/projects/8/members/38 HTTP/1.1" 200 None
2026-06-14 21:17:25 DEBUG   urllib3.connectionpool: https://gitlab.polenov.ru:443 "GET /api/v4/projects/8/members/39 HTTP/1.1" 200 None
2026-06-14 21:17:25 DEBUG   urllib3.connectionpool: https://gitlab.polenov.ru:443 "GET /api/v4/projects/8/members/41 HTTP/1.1" 200 None
2026-06-14 21:17:25 DEBUG   urllib3.connectionpool: https://gitlab.polenov.ru:443 "GET /api/v4/projects/8/members/42 HTTP/1.1" 200 None
2026-06-14 21:17:25 DEBUG   urllib3.connectionpool: https://gitlab.polenov.ru:443 "GET /api/v4/projects/8/members/43 HTTP/1.1" 200 None
2026-06-14 21:17:25 DEBUG   urllib3.connectionpool: https://gitlab.polenov.ru:443 "GET /api/v4/projects/8/members/44 HTTP/1.1" 200 None
2026-06-14 21:17:25 DEBUG   urllib3.connectionpool: https://gitlab.polenov.ru:443 "GET /api/v4/projects/8/members/45 HTTP/1.1" 200 None
2026-06-14 21:17:25 DEBUG   urllib3.connectionpool: https://gitlab.polenov.ru:443 "GET /api/v4/projects/8/members/46 HTTP/1.1" 200 None
2026-06-14 21:17:25 DEBUG   urllib3.connectionpool: https://gitlab.polenov.ru:443 "GET /api/v4/projects/7/members/36 HTTP/1.1" 200 None
2026-06-14 21:17:25 DEBUG   urllib3.connectionpool: https://gitlab.polenov.ru:443 "GET /api/v4/projects/7/members/37 HTTP/1.1" 200 None
2026-06-14 21:17:25 DEBUG   urllib3.connectionpool: https://gitlab.polenov.ru:443 "GET /api/v4/projects/7/members/38 HTTP/1.1" 200 None
2026-06-14 21:17:25 DEBUG   urllib3.connectionpool: https://gitlab.polenov.ru:443 "GET /api/v4/projects/7/members/39 HTTP/1.1" 200 None
2026-06-14 21:17:25 DEBUG   urllib3.connectionpool: https://gitlab.polenov.ru:443 "GET /api/v4/projects/7/members/41 HTTP/1.1" 200 None
2026-06-14 21:17:25 DEBUG   urllib3.connectionpool: https://gitlab.polenov.ru:443 "GET /api/v4/projects/7/members/42 HTTP/1.1" 200 None
2026-06-14 21:17:25 INFO    werkzeug: 127.0.0.1 - - [14/Jun/2026 21:17:25] "GET /api/status HTTP/1.1" 200 -
2026-06-14 21:17:25 INFO    werkzeug: 127.0.0.1 - - [14/Jun/2026 21:17:25] "GET /api/logs?since=78 HTTP/1.1" 200 -
2026-06-14 21:17:25 INFO    werkzeug: 127.0.0.1 - - [14/Jun/2026 21:17:25] "GET /api/insights HTTP/1.1" 200 -
2026-06-14 21:17:25 DEBUG   urllib3.connectionpool: https://gitlab.polenov.ru:443 "GET /api/v4/projects/7/members/43 HTTP/1.1" 200 None
2026-06-14 21:17:25 DEBUG   urllib3.connectionpool: https://gitlab.polenov.ru:443 "GET /api/v4/projects/7/members/44 HTTP/1.1" 200 None
2026-06-14 21:17:25 DEBUG   urllib3.connectionpool: https://gitlab.polenov.ru:443 "GET /api/v4/projects/7/members/45 HTTP/1.1" 200 None
2026-06-14 21:17:25 DEBUG   urllib3.connectionpool: https://gitlab.polenov.ru:443 "GET /api/v4/projects/7/members/46 HTTP/1.1" 200 None
2026-06-14 21:17:25 INFO    bootstrap: Среда готова: репозиториев 12 (новых 0), сотрудников 10 (новых 0), назначений прав 120
2026-06-14 21:17:25 INFO    state: [State] загружено: 1 правил, спринт #1
2026-06-14 21:17:25 INFO    webapp: Инициализация токенов агентов (11)...
2026-06-14 21:17:25 DEBUG   urllib3.connectionpool: https://gitlab.polenov.ru:443 "GET /api/v4/users/36/impersonation_tokens?state=active HTTP/1.1" 200 None
2026-06-14 21:17:26 DEBUG   urllib3.connectionpool: https://gitlab.polenov.ru:443 "POST /api/v4/users/36/impersonation_tokens HTTP/1.1" 201 301
2026-06-14 21:17:26 INFO    gitlab_client: Created impersonation token for alex.petrov
2026-06-14 21:17:26 DEBUG   urllib3.connectionpool: https://gitlab.polenov.ru:443 "GET /api/v4/users/37/impersonation_tokens?state=active HTTP/1.1" 200 None
2026-06-14 21:17:26 DEBUG   urllib3.connectionpool: https://gitlab.polenov.ru:443 "POST /api/v4/users/37/impersonation_tokens HTTP/1.1" 201 301
2026-06-14 21:17:26 INFO    gitlab_client: Created impersonation token for maria.ivanova
2026-06-14 21:17:26 DEBUG   urllib3.connectionpool: https://gitlab.polenov.ru:443 "GET /api/v4/users/38/impersonation_tokens?state=active HTTP/1.1" 200 None
2026-06-14 21:17:26 DEBUG   urllib3.connectionpool: https://gitlab.polenov.ru:443 "POST /api/v4/users/38/impersonation_tokens HTTP/1.1" 201 301
2026-06-14 21:17:26 INFO    gitlab_client: Created impersonation token for dmitry.kozlov
2026-06-14 21:17:26 DEBUG   urllib3.connectionpool: https://gitlab.polenov.ru:443 "GET /api/v4/users/39/impersonation_tokens?state=active HTTP/1.1" 200 None
2026-06-14 21:17:26 DEBUG   urllib3.connectionpool: https://gitlab.polenov.ru:443 "POST /api/v4/users/39/impersonation_tokens HTTP/1.1" 201 301
2026-06-14 21:17:26 INFO    gitlab_client: Created impersonation token for anna.smirnova
2026-06-14 21:17:26 DEBUG   urllib3.connectionpool: https://gitlab.polenov.ru:443 "GET /api/v4/users/40/impersonation_tokens?state=active HTTP/1.1" 200 None
2026-06-14 21:17:26 DEBUG   urllib3.connectionpool: https://gitlab.polenov.ru:443 "POST /api/v4/users/40/impersonation_tokens HTTP/1.1" 201 301
2026-06-14 21:17:26 INFO    gitlab_client: Created impersonation token for soc-bot
2026-06-14 21:17:26 DEBUG   urllib3.connectionpool: https://gitlab.polenov.ru:443 "GET /api/v4/users/41/impersonation_tokens?state=active HTTP/1.1" 200 None
2026-06-14 21:17:26 DEBUG   urllib3.connectionpool: https://gitlab.polenov.ru:443 "POST /api/v4/users/41/impersonation_tokens HTTP/1.1" 201 301
2026-06-14 21:17:26 INFO    gitlab_client: Created impersonation token for sergey.volkov
2026-06-14 21:17:26 DEBUG   urllib3.connectionpool: https://gitlab.polenov.ru:443 "GET /api/v4/users/42/impersonation_tokens?state=active HTTP/1.1" 200 None
2026-06-14 21:17:26 INFO    scheduler: [rhythm] смена on-call: дежурный @pavel.morozov
2026-06-14 21:17:26 DEBUG   urllib3.connectionpool: https://gitlab.polenov.ru:443 "POST /api/v4/users/42/impersonation_tokens HTTP/1.1" 201 301
2026-06-14 21:17:26 INFO    gitlab_client: Created impersonation token for olga.novak
2026-06-14 21:17:26 DEBUG   urllib3.connectionpool: https://gitlab.polenov.ru:443 "GET /api/v4/users/43/impersonation_tokens?state=active HTTP/1.1" 200 None
2026-06-14 21:17:26 DEBUG   urllib3.connectionpool: https://gitlab.polenov.ru:443 "POST /api/v4/users/43/impersonation_tokens HTTP/1.1" 201 301
2026-06-14 21:17:26 INFO    gitlab_client: Created impersonation token for pavel.morozov
2026-06-14 21:17:26 DEBUG   urllib3.connectionpool: https://gitlab.polenov.ru:443 "GET /api/v4/users/44/impersonation_tokens?state=active HTTP/1.1" 200 None
2026-06-14 21:17:26 DEBUG   urllib3.connectionpool: https://gitlab.polenov.ru:443 "POST /api/v4/users/44/impersonation_tokens HTTP/1.1" 201 301
2026-06-14 21:17:26 INFO    gitlab_client: Created impersonation token for irina.belova
2026-06-14 21:17:26 DEBUG   urllib3.connectionpool: https://gitlab.polenov.ru:443 "GET /api/v4/users/45/impersonation_tokens?state=active HTTP/1.1" 200 None
2026-06-14 21:17:26 DEBUG   urllib3.connectionpool: https://gitlab.polenov.ru:443 "POST /api/v4/users/45/impersonation_tokens HTTP/1.1" 201 301
2026-06-14 21:17:26 INFO    gitlab_client: Created impersonation token for nikita.orlov
2026-06-14 21:17:26 DEBUG   urllib3.connectionpool: https://gitlab.polenov.ru:443 "GET /api/v4/users/46/impersonation_tokens?state=active HTTP/1.1" 200 None
2026-06-14 21:17:26 DEBUG   urllib3.connectionpool: https://gitlab.polenov.ru:443 "POST /api/v4/users/46/impersonation_tokens HTTP/1.1" 201 302
2026-06-14 21:17:26 INFO    gitlab_client: Created impersonation token for elena.kuzmina
2026-06-14 21:17:26 INFO    webapp: Симуляция запущена
2026-06-14 21:17:26 DEBUG   urllib3.connectionpool: Starting new HTTPS connection (1): api.telegram.org:443
2026-06-14 21:17:26 INFO    werkzeug: 127.0.0.1 - - [14/Jun/2026 21:17:26] "POST /api/start HTTP/1.1" 200 -
2026-06-14 21:17:26 INFO    werkzeug: 127.0.0.1 - - [14/Jun/2026 21:17:26] "GET /api/logs?since=82 HTTP/1.1" 200 -
2026-06-14 21:17:26 INFO    werkzeug: 127.0.0.1 - - [14/Jun/2026 21:17:26] "GET /api/series HTTP/1.1" 200 -
2026-06-14 21:17:26 INFO    werkzeug: 127.0.0.1 - - [14/Jun/2026 21:17:26] "GET /api/events?n=120 HTTP/1.1" 200 -
2026-06-14 21:17:27 INFO    werkzeug: 127.0.0.1 - - [14/Jun/2026 21:17:27] "GET /api/status HTTP/1.1" 200 -
2026-06-14 21:17:27 INFO    werkzeug: 127.0.0.1 - - [14/Jun/2026 21:17:27] "GET /api/status HTTP/1.1" 200 -
2026-06-14 21:17:27 DEBUG   urllib3.connectionpool: https://api.telegram.org:443 "POST /bot8717621147:AAGd2snyzC4TOfTDCXgyKXx8MimMA_nsmzM/sendMessage HTTP/1.1" 200 382
2026-06-14 21:17:27 DEBUG   urllib3.connectionpool: https://gitlab.polenov.ru:443 "POST /api/v4/projects/5/issues HTTP/1.1" 201 1752
2026-06-14 21:17:27 INFO    agents.base: [alex.petrov] opened issue #22: Daily Standup — 2026-06-15
2026-06-14 21:17:27 INFO    werkzeug: 127.0.0.1 - - [14/Jun/2026 21:17:27] "GET /api/logs?since=101 HTTP/1.1" 200 -
2026-06-14 21:17:27 DEBUG   urllib3.connectionpool: https://gitlab.polenov.ru:443 "GET /api/v4/projects/1/merge_requests?state=opened&per_page=50 HTTP/1.1" 200 None
2026-06-14 21:17:28 DEBUG   urllib3.connectionpool: https://gitlab.polenov.ru:443 "GET /api/v4/projects/2/merge_requests?state=opened&per_page=50 HTTP/1.1" 200 2
2026-06-14 21:17:28 DEBUG   urllib3.connectionpool: https://gitlab.polenov.ru:443 "GET /api/v4/projects/3/merge_requests?state=opened&per_page=50 HTTP/1.1" 200 2
2026-06-14 21:17:28 DEBUG   urllib3.connectionpool: https://gitlab.polenov.ru:443 "GET /api/v4/projects/4/merge_requests?state=opened&per_page=50 HTTP/1.1" 200 2
2026-06-14 21:17:28 DEBUG   urllib3.connectionpool: https://gitlab.polenov.ru:443 "GET /api/v4/projects/5/merge_requests?state=opened&per_page=50 HTTP/1.1" 200 2
2026-06-14 21:17:28 DEBUG   urllib3.connectionpool: https://gitlab.polenov.ru:443 "GET /api/v4/projects/6/merge_requests?state=opened&per_page=50 HTTP/1.1" 200 2
2026-06-14 21:17:28 DEBUG   urllib3.connectionpool: https://gitlab.polenov.ru:443 "GET /api/v4/projects/7/merge_requests?state=opened&per_page=50 HTTP/1.1" 200 2
2026-06-14 21:17:28 DEBUG   urllib3.connectionpool: https://gitlab.polenov.ru:443 "GET /api/v4/projects/8/merge_requests?state=opened&per_page=50 HTTP/1.1" 200 2
2026-06-14 21:17:28 DEBUG   urllib3.connectionpool: https://gitlab.polenov.ru:443 "GET /api/v4/projects/9/merge_requests?state=opened&per_page=50 HTTP/1.1" 200 2
2026-06-14 21:17:28 DEBUG   urllib3.connectionpool: https://gitlab.polenov.ru:443 "GET /api/v4/projects/10/merge_requests?state=opened&per_page=50 HTTP/1.1" 200 2
2026-06-14 21:17:28 DEBUG   urllib3.connectionpool: https://gitlab.polenov.ru:443 "POST /api/v4/projects/5/issues/22/notes HTTP/1.1" 201 764
2026-06-14 21:17:28 DEBUG   urllib3.connectionpool: https://gitlab.polenov.ru:443 "GET /api/v4/projects/11/merge_requests?state=opened&per_page=50 HTTP/1.1" 200 2
2026-06-14 21:17:28 DEBUG   urllib3.connectionpool: https://gitlab.polenov.ru:443 "GET /api/v4/projects/12/merge_requests?state=opened&per_page=50 HTTP/1.1" 200 2
2026-06-14 21:17:28 DEBUG   urllib3.connectionpool: https://gitlab.polenov.ru:443 "GET /api/v4/projects/1/merge_requests?state=opened&per_page=50 HTTP/1.1" 200 None
2026-06-14 21:17:28 DEBUG   urllib3.connectionpool: https://gitlab.polenov.ru:443 "PUT /api/v4/projects/1/merge_requests/408/merge HTTP/1.1" 405 36
2026-06-14 21:17:28 INFO    werkzeug: 127.0.0.1 - - [14/Jun/2026 21:17:28] "GET /api/status HTTP/1.1" 200 -
2026-06-14 21:17:28 INFO    werkzeug: 127.0.0.1 - - [14/Jun/2026 21:17:28] "GET /api/logs?since=107 HTTP/1.1" 200 -
2026-06-14 21:17:28 INFO    werkzeug: 127.0.0.1 - - [14/Jun/2026 21:17:28] "GET /api/series HTTP/1.1" 200 -
2026-06-14 21:17:28 INFO    werkzeug: 127.0.0.1 - - [14/Jun/2026 21:17:28] "GET /api/events?n=120 HTTP/1.1" 200 -
2026-06-14 21:17:28 INFO    werkzeug: 127.0.0.1 - - [14/Jun/2026 21:17:28] "GET /api/insights HTTP/1.1" 200 -
2026-06-14 21:17:28 DEBUG   urllib3.connectionpool: https://gitlab.polenov.ru:443 "POST /api/v4/projects/5/issues/22/notes HTTP/1.1" 201 796
2026-06-14 21:17:29 DEBUG   urllib3.connectionpool: https://gitlab.polenov.ru:443 "POST /api/v4/projects/5/issues/22/notes HTTP/1.1" 201 788
2026-06-14 21:17:29 INFO    werkzeug: 127.0.0.1 - - [14/Jun/2026 21:17:29] "GET /api/logs?since=109 HTTP/1.1" 200 -
2026-06-14 21:17:30 DEBUG   urllib3.connectionpool: https://gitlab.polenov.ru:443 "POST /api/v4/projects/5/issues/22/notes HTTP/1.1" 201 764
2026-06-14 21:17:30 INFO    werkzeug: 127.0.0.1 - - [14/Jun/2026 21:17:30] "GET /api/status HTTP/1.1" 200 -
2026-06-14 21:17:30 DEBUG   urllib3.connectionpool: https://gitlab.polenov.ru:443 "POST /api/v4/projects/5/issues/22/notes HTTP/1.1" 201 784
2026-06-14 21:17:30 DEBUG   urllib3.connectionpool: https://gitlab.polenov.ru:443 "PUT /api/v4/projects/1/merge_requests/408/merge HTTP/1.1" 405 36
2026-06-14 21:17:30 DEBUG   urllib3.connectionpool: https://gitlab.polenov.ru:443 "PUT /api/v4/projects/1/merge_requests/408/merge HTTP/1.1" 405 36
2026-06-14 21:17:30 INFO    werkzeug: 127.0.0.1 - - [14/Jun/2026 21:17:30] "GET /api/logs?since=113 HTTP/1.1" 200 -
2026-06-14 21:17:30 INFO    werkzeug: 127.0.0.1 - - [14/Jun/2026 21:17:30] "GET /api/series HTTP/1.1" 200 -
2026-06-14 21:17:30 INFO    werkzeug: 127.0.0.1 - - [14/Jun/2026 21:17:30] "GET /api/events?n=120 HTTP/1.1" 200 -
2026-06-14 21:17:31 DEBUG   urllib3.connectionpool: https://gitlab.polenov.ru:443 "POST /api/v4/projects/5/issues/22/notes HTTP/1.1" 201 787
2026-06-14 21:17:31 DEBUG   urllib3.connectionpool: https://gitlab.polenov.ru:443 "POST /api/v4/projects/5/issues/22/notes HTTP/1.1" 201 792
2026-06-14 21:17:31 INFO    werkzeug: 127.0.0.1 - - [14/Jun/2026 21:17:31] "GET /api/logs?since=115 HTTP/1.1" 200 -
2026-06-14 21:17:31 INFO    werkzeug: 127.0.0.1 - - [14/Jun/2026 21:17:31] "GET /api/status HTTP/1.1" 200 -
2026-06-14 21:17:31 INFO    werkzeug: 127.0.0.1 - - [14/Jun/2026 21:17:31] "GET /api/insights HTTP/1.1" 200 -
2026-06-14 21:17:32 DEBUG   urllib3.connectionpool: https://gitlab.polenov.ru:443 "POST /api/v4/projects/5/issues/22/notes HTTP/1.1" 201 760
2026-06-14 21:17:32 DEBUG   urllib3.connectionpool: https://gitlab.polenov.ru:443 "POST /api/v4/projects/5/issues/22/notes HTTP/1.1" 201 788
2026-06-14 21:17:32 INFO    werkzeug: 127.0.0.1 - - [14/Jun/2026 21:17:32] "GET /api/logs?since=118 HTTP/1.1" 200 -
2026-06-14 21:17:32 INFO    werkzeug: 127.0.0.1 - - [14/Jun/2026 21:17:32] "GET /api/series HTTP/1.1" 200 -
2026-06-14 21:17:32 INFO    werkzeug: 127.0.0.1 - - [14/Jun/2026 21:17:32] "GET /api/events?n=120 HTTP/1.1" 200 -
2026-06-14 21:17:32 DEBUG   urllib3.connectionpool: https://gitlab.polenov.ru:443 "PUT /api/v4/projects/1/merge_requests/408/merge HTTP/1.1" 405 36
2026-06-14 21:17:32 WARNING gitlab_client: merge_mr !408 failed: {"message":"405 Method Not Allowed"}
2026-06-14 21:17:33 DEBUG   urllib3.connectionpool: https://gitlab.polenov.ru:443 "PUT /api/v4/projects/1/merge_requests/408 HTTP/1.1" 200 None
2026-06-14 21:17:33 DEBUG   urllib3.connectionpool: https://gitlab.polenov.ru:443 "POST /api/v4/projects/5/issues/22/notes HTTP/1.1" 201 817
2026-06-14 21:17:33 INFO    werkzeug: 127.0.0.1 - - [14/Jun/2026 21:17:33] "GET /api/status HTTP/1.1" 200 -
2026-06-14 21:17:33 DEBUG   urllib3.connectionpool: https://gitlab.polenov.ru:443 "PUT /api/v4/projects/1/merge_requests/318/merge HTTP/1.1" 405 36
2026-06-14 21:17:33 DEBUG   urllib3.connectionpool: https://gitlab.polenov.ru:443 "PUT /api/v4/projects/5/issues/22 HTTP/1.1" 200 None
2026-06-14 21:17:33 INFO    activities.standup: [standup] проведён стендап #22 (2026-06-15)
2026-06-14 21:17:33 DEBUG   urllib3.connectionpool: https://gitlab.polenov.ru:443 "GET /api/v4/projects/1/merge_requests?state=opened&per_page=50 HTTP/1.1" 200 None
2026-06-14 21:17:33 INFO    werkzeug: 127.0.0.1 - - [14/Jun/2026 21:17:33] "GET /api/logs?since=121 HTTP/1.1" 200 -
2026-06-14 21:17:33 DEBUG   urllib3.connectionpool: https://gitlab.polenov.ru:443 "GET /api/v4/projects/2/merge_requests?state=opened&per_page=50 HTTP/1.1" 200 2
2026-06-14 21:17:33 DEBUG   urllib3.connectionpool: https://gitlab.polenov.ru:443 "GET /api/v4/projects/3/merge_requests?state=opened&per_page=50 HTTP/1.1" 200 2
2026-06-14 21:17:33 DEBUG   urllib3.connectionpool: https://gitlab.polenov.ru:443 "GET /api/v4/projects/4/merge_requests?state=opened&per_page=50 HTTP/1.1" 200 2
2026-06-14 21:17:34 DEBUG   urllib3.connectionpool: https://gitlab.polenov.ru:443 "GET /api/v4/projects/5/merge_requests?state=opened&per_page=50 HTTP/1.1" 200 2
2026-06-14 21:17:34 DEBUG   urllib3.connectionpool: https://gitlab.polenov.ru:443 "GET /api/v4/projects/6/merge_requests?state=opened&per_page=50 HTTP/1.1" 200 2
2026-06-14 21:17:34 DEBUG   urllib3.connectionpool: https://gitlab.polenov.ru:443 "GET /api/v4/projects/7/merge_requests?state=opened&per_page=50 HTTP/1.1" 200 2
2026-06-14 21:17:34 DEBUG   urllib3.connectionpool: https://gitlab.polenov.ru:443 "GET /api/v4/projects/8/merge_requests?state=opened&per_page=50 HTTP/1.1" 200 2
2026-06-14 21:17:34 DEBUG   urllib3.connectionpool: https://gitlab.polenov.ru:443 "GET /api/v4/projects/9/merge_requests?state=opened&per_page=50 HTTP/1.1" 200 2
2026-06-14 21:17:34 DEBUG   urllib3.connectionpool: https://gitlab.polenov.ru:443 "GET /api/v4/projects/10/merge_requests?state=opened&per_page=50 HTTP/1.1" 200 2
2026-06-14 21:17:34 DEBUG   urllib3.connectionpool: https://gitlab.polenov.ru:443 "GET /api/v4/projects/11/merge_requests?state=opened&per_page=50 HTTP/1.1" 200 2
2026-06-14 21:17:34 DEBUG   urllib3.connectionpool: https://gitlab.polenov.ru:443 "GET /api/v4/projects/12/merge_requests?state=opened&per_page=50 HTTP/1.1" 200 2
2026-06-14 21:17:34 DEBUG   urllib3.connectionpool: https://gitlab.polenov.ru:443 "GET /api/v4/projects/1/merge_requests?state=opened&per_page=50 HTTP/1.1" 200 None
2026-06-14 21:17:34 DEBUG   urllib3.connectionpool: https://gitlab.polenov.ru:443 "PUT /api/v4/projects/1/merge_requests/318/merge HTTP/1.1" 405 36
2026-06-14 21:17:34 INFO    werkzeug: 127.0.0.1 - - [14/Jun/2026 21:17:34] "GET /api/logs?since=127 HTTP/1.1" 200 -
2026-06-14 21:17:34 INFO    werkzeug: 127.0.0.1 - - [14/Jun/2026 21:17:34] "GET /api/status HTTP/1.1" 200 -
2026-06-14 21:17:34 INFO    werkzeug: 127.0.0.1 - - [14/Jun/2026 21:17:34] "GET /api/series HTTP/1.1" 200 -
2026-06-14 21:17:34 INFO    werkzeug: 127.0.0.1 - - [14/Jun/2026 21:17:34] "GET /api/events?n=120 HTTP/1.1" 200 -
2026-06-14 21:17:34 INFO    werkzeug: 127.0.0.1 - - [14/Jun/2026 21:17:34] "GET /api/insights HTTP/1.1" 200 -
2026-06-14 21:17:35 DEBUG   urllib3.connectionpool: https://gitlab.polenov.ru:443 "PUT /api/v4/projects/1/merge_requests/318/merge HTTP/1.1" 405 36
2026-06-14 21:17:35 DEBUG   urllib3.connectionpool: https://gitlab.polenov.ru:443 "PUT /api/v4/projects/1/merge_requests/318/merge HTTP/1.1" 405 36
2026-06-14 21:17:35 INFO    werkzeug: 127.0.0.1 - - [14/Jun/2026 21:17:35] "GET /api/logs?since=128 HTTP/1.1" 200 -
2026-06-14 21:17:36 INFO    werkzeug: 127.0.0.1 - - [14/Jun/2026 21:17:36] "GET /api/status HTTP/1.1" 200 -
2026-06-14 21:17:36 DEBUG   urllib3.connectionpool: https://gitlab.polenov.ru:443 "PUT /api/v4/projects/1/merge_requests/318/merge HTTP/1.1" 405 36
2026-06-14 21:17:36 DEBUG   urllib3.connectionpool: https://gitlab.polenov.ru:443 "PUT /api/v4/projects/1/merge_requests/318/merge HTTP/1.1" 405 36
2026-06-14 21:17:36 INFO    werkzeug: 127.0.0.1 - - [14/Jun/2026 21:17:36] "GET /api/logs?since=133 HTTP/1.1" 200 -
2026-06-14 21:17:36 INFO    werkzeug: 127.0.0.1 - - [14/Jun/2026 21:17:36] "GET /api/series HTTP/1.1" 200 -
2026-06-14 21:17:36 INFO    werkzeug: 127.0.0.1 - - [14/Jun/2026 21:17:36] "GET /api/events?n=120 HTTP/1.1" 200 -
2026-06-14 21:17:37 DEBUG   urllib3.connectionpool: https://gitlab.polenov.ru:443 "PUT /api/v4/projects/1/merge_requests/318/merge HTTP/1.1" 405 36
2026-06-14 21:17:37 WARNING gitlab_client: merge_mr !318 failed: {"message":"405 Method Not Allowed"}
2026-06-14 21:17:37 INFO    werkzeug: 127.0.0.1 - - [14/Jun/2026 21:17:37] "GET /api/logs?since=135 HTTP/1.1" 200 -
2026-06-14 21:17:37 INFO    werkzeug: 127.0.0.1 - - [14/Jun/2026 21:17:37] "GET /api/insights HTTP/1.1" 200 -
2026-06-14 21:17:37 DEBUG   urllib3.connectionpool: https://gitlab.polenov.ru:443 "GET /api/v4/version HTTP/1.1" 200 246
2026-06-14 21:17:37 INFO    werkzeug: 127.0.0.1 - - [14/Jun/2026 21:17:37] "GET /api/status HTTP/1.1" 200 -
2026-06-14 21:17:37 DEBUG   urllib3.connectionpool: https://gitlab.polenov.ru:443 "PUT /api/v4/projects/1/merge_requests/318 HTTP/1.1" 200 None
2026-06-14 21:17:38 DEBUG   urllib3.connectionpool: https://gitlab.polenov.ru:443 "PUT /api/v4/projects/1/merge_requests/312/merge HTTP/1.1" 405 36
2026-06-14 21:17:38 DEBUG   urllib3.connectionpool: https://gitlab.polenov.ru:443 "PUT /api/v4/projects/1/merge_requests/318/merge HTTP/1.1" 405 36
2026-06-14 21:17:38 WARNING gitlab_client: merge_mr !318 failed: {"message":"405 Method Not Allowed"}
2026-06-14 21:17:38 INFO    werkzeug: 127.0.0.1 - - [14/Jun/2026 21:17:38] "GET /api/logs?since=139 HTTP/1.1" 200 -
2026-06-14 21:17:38 INFO    werkzeug: 127.0.0.1 - - [14/Jun/2026 21:17:38] "GET /api/series HTTP/1.1" 200 -
2026-06-14 21:17:38 INFO    werkzeug: 127.0.0.1 - - [14/Jun/2026 21:17:38] "GET /api/events?n=120 HTTP/1.1" 200 -
2026-06-14 21:17:39 DEBUG   urllib3.connectionpool: https://gitlab.polenov.ru:443 "PUT /api/v4/projects/1/merge_requests/318 HTTP/1.1" 200 None
2026-06-14 21:17:39 DEBUG   urllib3.connectionpool: https://gitlab.polenov.ru:443 "PUT /api/v4/projects/1/merge_requests/312/merge HTTP/1.1" 405 36
2026-06-14 21:17:39 INFO    werkzeug: 127.0.0.1 - - [14/Jun/2026 21:17:39] "GET /api/status HTTP/1.1" 200 -
2026-06-14 21:17:39 INFO    werkzeug: 127.0.0.1 - - [14/Jun/2026 21:17:39] "GET /api/logs?since=143 HTTP/1.1" 200 -
2026-06-14 21:17:40 DEBUG   urllib3.connectionpool: https://gitlab.polenov.ru:443 "PUT /api/v4/projects/1/merge_requests/312/merge HTTP/1.1" 405 36
2026-06-14 21:17:40 DEBUG   urllib3.connectionpool: https://gitlab.polenov.ru:443 "PUT /api/v4/projects/1/merge_requests/312/merge HTTP/1.1" 405 36
2026-06-14 21:17:40 INFO    werkzeug: 127.0.0.1 - - [14/Jun/2026 21:17:40] "GET /api/status HTTP/1.1" 200 -
2026-06-14 21:17:40 INFO    werkzeug: 127.0.0.1 - - [14/Jun/2026 21:17:40] "GET /api/logs?since=147 HTTP/1.1" 200 -
2026-06-14 21:17:40 INFO    werkzeug: 127.0.0.1 - - [14/Jun/2026 21:17:40] "GET /api/series HTTP/1.1" 200 -
2026-06-14 21:17:40 INFO    werkzeug: 127.0.0.1 - - [14/Jun/2026 21:17:40] "GET /api/events?n=120 HTTP/1.1" 200 -
2026-06-14 21:17:40 INFO    werkzeug: 127.0.0.1 - - [14/Jun/2026 21:17:40] "GET /api/insights HTTP/1.1" 200 -
2026-06-14 21:17:41 DEBUG   urllib3.connectionpool: https://gitlab.polenov.ru:443 "PUT /api/v4/projects/1/merge_requests/312/merge HTTP/1.1" 405 36
2026-06-14 21:17:41 DEBUG   urllib3.connectionpool: https://gitlab.polenov.ru:443 "PUT /api/v4/projects/1/merge_requests/312/merge HTTP/1.1" 405 36
2026-06-14 21:17:41 INFO    werkzeug: 127.0.0.1 - - [14/Jun/2026 21:17:41] "GET /api/logs?since=149 HTTP/1.1" 200 -
2026-06-14 21:17:42 DEBUG   urllib3.connectionpool: https://gitlab.polenov.ru:443 "PUT /api/v4/projects/1/merge_requests/312/merge HTTP/1.1" 405 36
2026-06-14 21:17:42 WARNING gitlab_client: merge_mr !312 failed: {"message":"405 Method Not Allowed"}
2026-06-14 21:17:42 INFO    werkzeug: 127.0.0.1 - - [14/Jun/2026 21:17:42] "GET /api/status HTTP/1.1" 200 -
2026-06-14 21:17:42 DEBUG   urllib3.connectionpool: https://gitlab.polenov.ru:443 "PUT /api/v4/projects/1/merge_requests/312 HTTP/1.1" 200 None
2026-06-14 21:17:42 DEBUG   urllib3.connectionpool: https://gitlab.polenov.ru:443 "PUT /api/v4/projects/1/merge_requests/281/merge HTTP/1.1" 405 36
2026-06-14 21:17:42 INFO    werkzeug: 127.0.0.1 - - [14/Jun/2026 21:17:42] "GET /api/logs?since=153 HTTP/1.1" 200 -
2026-06-14 21:17:42 INFO    werkzeug: 127.0.0.1 - - [14/Jun/2026 21:17:42] "GET /api/series HTTP/1.1" 200 -
2026-06-14 21:17:42 INFO    werkzeug: 127.0.0.1 - - [14/Jun/2026 21:17:42] "GET /api/events?n=120 HTTP/1.1" 200 -
2026-06-14 21:17:43 DEBUG   urllib3.connectionpool: https://gitlab.polenov.ru:443 "PUT /api/v4/projects/1/merge_requests/312/merge HTTP/1.1" 405 36
2026-06-14 21:17:43 WARNING gitlab_client: merge_mr !312 failed: {"message":"405 Method Not Allowed"}
2026-06-14 21:17:43 DEBUG   urllib3.connectionpool: https://gitlab.polenov.ru:443 "PUT /api/v4/projects/1/merge_requests/312 HTTP/1.1" 200 None
2026-06-14 21:17:43 DEBUG   urllib3.connectionpool: https://gitlab.polenov.ru:443 "PUT /api/v4/projects/1/merge_requests/281/merge HTTP/1.1" 405 36
2026-06-14 21:17:43 INFO    werkzeug: 127.0.0.1 - - [14/Jun/2026 21:17:43] "GET /api/status HTTP/1.1" 200 -
2026-06-14 21:17:43 INFO    werkzeug: 127.0.0.1 - - [14/Jun/2026 21:17:43] "GET /api/logs?since=156 HTTP/1.1" 200 -
2026-06-14 21:17:43 INFO    werkzeug: 127.0.0.1 - - [14/Jun/2026 21:17:43] "GET /api/insights HTTP/1.1" 200 -
2026-06-14 21:17:44 DEBUG   urllib3.connectionpool: https://gitlab.polenov.ru:443 "PUT /api/v4/projects/1/merge_requests/281/merge HTTP/1.1" 405 36
2026-06-14 21:17:44 DEBUG   urllib3.connectionpool: https://gitlab.polenov.ru:443 "PUT /api/v4/projects/1/merge_requests/281/merge HTTP/1.1" 405 36
2026-06-14 21:17:44 INFO    werkzeug: 127.0.0.1 - - [14/Jun/2026 21:17:44] "GET /api/logs?since=161 HTTP/1.1" 200 -
2026-06-14 21:17:44 INFO    werkzeug: 127.0.0.1 - - [14/Jun/2026 21:17:44] "GET /api/series HTTP/1.1" 200 -
2026-06-14 21:17:44 INFO    werkzeug: 127.0.0.1 - - [14/Jun/2026 21:17:44] "GET /api/events?n=120 HTTP/1.1" 200 -
2026-06-14 21:17:45 INFO    werkzeug: 127.0.0.1 - - [14/Jun/2026 21:17:45] "GET /api/status HTTP/1.1" 200 -
2026-06-14 21:17:45 DEBUG   urllib3.connectionpool: https://gitlab.polenov.ru:443 "PUT /api/v4/projects/1/merge_requests/281/merge HTTP/1.1" 405 36
2026-06-14 21:17:45 DEBUG   urllib3.connectionpool: https://gitlab.polenov.ru:443 "PUT /api/v4/projects/1/merge_requests/281/merge HTTP/1.1" 405 36
2026-06-14 21:17:45 INFO    werkzeug: 127.0.0.1 - - [14/Jun/2026 21:17:45] "GET /api/logs?since=163 HTTP/1.1" 200 -
2026-06-14 21:17:46 DEBUG   urllib3.connectionpool: https://gitlab.polenov.ru:443 "PUT /api/v4/projects/1/merge_requests/281/merge HTTP/1.1" 405 36
2026-06-14 21:17:46 WARNING gitlab_client: merge_mr !281 failed: {"message":"405 Method Not Allowed"}
2026-06-14 21:17:46 INFO    werkzeug: 127.0.0.1 - - [14/Jun/2026 21:17:46] "GET /api/status HTTP/1.1" 200 -
2026-06-14 21:17:46 INFO    werkzeug: 127.0.0.1 - - [14/Jun/2026 21:17:46] "GET /api/logs?since=167 HTTP/1.1" 200 -
2026-06-14 21:17:46 INFO    werkzeug: 127.0.0.1 - - [14/Jun/2026 21:17:46] "GET /api/series HTTP/1.1" 200 -
2026-06-14 21:17:46 INFO    werkzeug: 127.0.0.1 - - [14/Jun/2026 21:17:46] "GET /api/events?n=120 HTTP/1.1" 200 -
2026-06-14 21:17:46 INFO    werkzeug: 127.0.0.1 - - [14/Jun/2026 21:17:46] "GET /api/insights HTTP/1.1" 200 -
2026-06-14 21:17:47 DEBUG   urllib3.connectionpool: https://gitlab.polenov.ru:443 "PUT /api/v4/projects/1/merge_requests/281 HTTP/1.1" 200 None
2026-06-14 21:17:47 DEBUG   urllib3.connectionpool: https://gitlab.polenov.ru:443 "PUT /api/v4/projects/1/merge_requests/269/merge HTTP/1.1" 405 36
2026-06-14 21:17:47 DEBUG   urllib3.connectionpool: https://gitlab.polenov.ru:443 "PUT /api/v4/projects/1/merge_requests/281/merge HTTP/1.1" 405 36
2026-06-14 21:17:47 WARNING gitlab_client: merge_mr !281 failed: {"message":"405 Method Not Allowed"}
2026-06-14 21:17:47 INFO    werkzeug: 127.0.0.1 - - [14/Jun/2026 21:17:47] "GET /api/logs?since=170 HTTP/1.1" 200 -
2026-06-14 21:17:48 DEBUG   urllib3.connectionpool: https://gitlab.polenov.ru:443 "PUT /api/v4/projects/1/merge_requests/281 HTTP/1.1" 200 None
2026-06-14 21:17:48 DEBUG   urllib3.connectionpool: https://gitlab.polenov.ru:443 "PUT /api/v4/projects/1/merge_requests/269/merge HTTP/1.1" 405 36
2026-06-14 21:17:48 INFO    werkzeug: 127.0.0.1 - - [14/Jun/2026 21:17:48] "GET /api/status HTTP/1.1" 200 -
2026-06-14 21:17:48 INFO    werkzeug: 127.0.0.1 - - [14/Jun/2026 21:17:48] "GET /api/logs?since=175 HTTP/1.1" 200 -
2026-06-14 21:17:48 INFO    werkzeug: 127.0.0.1 - - [14/Jun/2026 21:17:48] "GET /api/series HTTP/1.1" 200 -
2026-06-14 21:17:48 INFO    werkzeug: 127.0.0.1 - - [14/Jun/2026 21:17:48] "GET /api/events?n=120 HTTP/1.1" 200 -
2026-06-14 21:17:49 DEBUG   urllib3.connectionpool: https://gitlab.polenov.ru:443 "PUT /api/v4/projects/1/merge_requests/269/merge HTTP/1.1" 405 36
2026-06-14 21:17:49 DEBUG   urllib3.connectionpool: https://gitlab.polenov.ru:443 "PUT /api/v4/projects/1/merge_requests/269/merge HTTP/1.1" 405 36
2026-06-14 21:17:49 INFO    werkzeug: 127.0.0.1 - - [14/Jun/2026 21:17:49] "GET /api/logs?since=177 HTTP/1.1" 200 -
2026-06-14 21:17:49 INFO    werkzeug: 127.0.0.1 - - [14/Jun/2026 21:17:49] "GET /api/status HTTP/1.1" 200 -
2026-06-14 21:17:49 INFO    werkzeug: 127.0.0.1 - - [14/Jun/2026 21:17:49] "GET /api/insights HTTP/1.1" 200 -
2026-06-14 21:17:50 DEBUG   urllib3.connectionpool: https://gitlab.polenov.ru:443 "PUT /api/v4/projects/1/merge_requests/269/merge HTTP/1.1" 405 36
2026-06-14 21:17:50 DEBUG   urllib3.connectionpool: https://gitlab.polenov.ru:443 "PUT /api/v4/projects/1/merge_requests/269/merge HTTP/1.1" 405 36
2026-06-14 21:17:50 INFO    werkzeug: 127.0.0.1 - - [14/Jun/2026 21:17:50] "GET /api/logs?since=180 HTTP/1.1" 200 -
2026-06-14 21:17:50 INFO    werkzeug: 127.0.0.1 - - [14/Jun/2026 21:17:50] "GET /api/series HTTP/1.1" 200 -
2026-06-14 21:17:50 INFO    werkzeug: 127.0.0.1 - - [14/Jun/2026 21:17:50] "GET /api/events?n=120 HTTP/1.1" 200 -
2026-06-14 21:17:51 INFO    werkzeug: 127.0.0.1 - - [14/Jun/2026 21:17:51] "GET /api/status HTTP/1.1" 200 -
2026-06-14 21:17:51 DEBUG   urllib3.connectionpool: https://gitlab.polenov.ru:443 "PUT /api/v4/projects/1/merge_requests/269/merge HTTP/1.1" 405 36
2026-06-14 21:17:51 WARNING gitlab_client: merge_mr !269 failed: {"message":"405 Method Not Allowed"}
2026-06-14 21:17:51 DEBUG   urllib3.connectionpool: https://gitlab.polenov.ru:443 "PUT /api/v4/projects/1/merge_requests/269 HTTP/1.1" 200 None
2026-06-14 21:17:51 INFO    werkzeug: 127.0.0.1 - - [14/Jun/2026 21:17:51] "GET /api/logs?since=183 HTTP/1.1" 200 -
2026-06-14 21:17:52 DEBUG   urllib3.connectionpool: https://gitlab.polenov.ru:443 "PUT /api/v4/projects/1/merge_requests/254/merge HTTP/1.1" 405 36
2026-06-14 21:17:52 DEBUG   urllib3.connectionpool: https://gitlab.polenov.ru:443 "PUT /api/v4/projects/1/merge_requests/269/merge HTTP/1.1" 405 36
2026-06-14 21:17:52 WARNING gitlab_client: merge_mr !269 failed: {"message":"405 Method Not Allowed"}
2026-06-14 21:17:52 DEBUG   urllib3.connectionpool: https://gitlab.polenov.ru:443 "PUT /api/v4/projects/1/merge_requests/269 HTTP/1.1" 200 None
2026-06-14 21:17:52 DEBUG   urllib3.connectionpool: https://gitlab.polenov.ru:443 "PUT /api/v4/projects/1/merge_requests/254/merge HTTP/1.1" 405 36
2026-06-14 21:17:52 INFO    werkzeug: 127.0.0.1 - - [14/Jun/2026 21:17:52] "GET /api/logs?since=188 HTTP/1.1" 200 -
2026-06-14 21:17:52 INFO    werkzeug: 127.0.0.1 - - [14/Jun/2026 21:17:52] "GET /api/status HTTP/1.1" 200 -
2026-06-14 21:17:52 INFO    werkzeug: 127.0.0.1 - - [14/Jun/2026 21:17:52] "GET /api/series HTTP/1.1" 200 -
2026-06-14 21:17:52 INFO    werkzeug: 127.0.0.1 - - [14/Jun/2026 21:17:52] "GET /api/events?n=120 HTTP/1.1" 200 -
2026-06-14 21:17:52 INFO    werkzeug: 127.0.0.1 - - [14/Jun/2026 21:17:52] "GET /api/insights HTTP/1.1" 200 -
2026-06-14 21:17:53 INFO    werkzeug: 127.0.0.1 - - [14/Jun/2026 21:17:53] "GET /api/logs?since=190 HTTP/1.1" 200 -
2026-06-14 21:17:54 DEBUG   urllib3.connectionpool: https://gitlab.polenov.ru:443 "PUT /api/v4/projects/1/merge_requests/254/merge HTTP/1.1" 405 36
2026-06-14 21:17:54 DEBUG   urllib3.connectionpool: https://gitlab.polenov.ru:443 "PUT /api/v4/projects/1/merge_requests/254/merge HTTP/1.1" 405 36
2026-06-14 21:17:54 INFO    werkzeug: 127.0.0.1 - - [14/Jun/2026 21:17:54] "GET /api/status HTTP/1.1" 200 -
2026-06-14 21:17:54 DEBUG   urllib3.connectionpool: https://gitlab.polenov.ru:443 "PUT /api/v4/projects/1/merge_requests/254/merge HTTP/1.1" 405 36
2026-06-14 21:17:54 DEBUG   urllib3.connectionpool: https://gitlab.polenov.ru:443 "PUT /api/v4/projects/1/merge_requests/254/merge HTTP/1.1" 405 36
2026-06-14 21:17:54 INFO    werkzeug: 127.0.0.1 - - [14/Jun/2026 21:17:54] "GET /api/logs?since=195 HTTP/1.1" 200 -
2026-06-14 21:17:54 INFO    werkzeug: 127.0.0.1 - - [14/Jun/2026 21:17:54] "GET /api/series HTTP/1.1" 200 -
2026-06-14 21:17:54 INFO    werkzeug: 127.0.0.1 - - [14/Jun/2026 21:17:54] "GET /api/events?n=120 HTTP/1.1" 200 -
2026-06-14 21:17:55 INFO    werkzeug: 127.0.0.1 - - [14/Jun/2026 21:17:55] "GET /api/logs?since=197 HTTP/1.1" 200 -
2026-06-14 21:17:55 INFO    werkzeug: 127.0.0.1 - - [14/Jun/2026 21:17:55] "GET /api/status HTTP/1.1" 200 -
2026-06-14 21:17:55 INFO    werkzeug: 127.0.0.1 - - [14/Jun/2026 21:17:55] "GET /api/insights HTTP/1.1" 200 -
2026-06-14 21:17:56 DEBUG   urllib3.connectionpool: https://gitlab.polenov.ru:443 "PUT /api/v4/projects/1/merge_requests/254/merge HTTP/1.1" 405 36
2026-06-14 21:17:56 WARNING gitlab_client: merge_mr !254 failed: {"message":"405 Method Not Allowed"}
2026-06-14 21:17:56 DEBUG   urllib3.connectionpool: https://gitlab.polenov.ru:443 "PUT /api/v4/projects/1/merge_requests/254 HTTP/1.1" 200 None
2026-06-14 21:17:56 INFO    werkzeug: 127.0.0.1 - - [14/Jun/2026 21:17:56] "GET /api/logs?since=200 HTTP/1.1" 200 -
2026-06-14 21:17:56 INFO    werkzeug: 127.0.0.1 - - [14/Jun/2026 21:17:56] "GET /api/series HTTP/1.1" 200 -
2026-06-14 21:17:56 INFO    werkzeug: 127.0.0.1 - - [14/Jun/2026 21:17:56] "GET /api/events?n=120 HTTP/1.1" 200 -
2026-06-14 21:17:56 DEBUG   urllib3.connectionpool: https://gitlab.polenov.ru:443 "PUT /api/v4/projects/1/merge_requests/254/merge HTTP/1.1" 405 36
2026-06-14 21:17:56 WARNING gitlab_client: merge_mr !254 failed: {"message":"405 Method Not Allowed"}
2026-06-14 21:17:57 DEBUG   urllib3.connectionpool: https://gitlab.polenov.ru:443 "PUT /api/v4/projects/1/merge_requests/236/merge HTTP/1.1" 405 36
2026-06-14 21:17:57 DEBUG   urllib3.connectionpool: https://gitlab.polenov.ru:443 "PUT /api/v4/projects/1/merge_requests/254 HTTP/1.1" 200 None
2026-06-14 21:17:57 INFO    werkzeug: 127.0.0.1 - - [14/Jun/2026 21:17:57] "GET /api/status HTTP/1.1" 200 -
2026-06-14 21:17:57 DEBUG   urllib3.connectionpool: https://gitlab.polenov.ru:443 "PUT /api/v4/projects/1/merge_requests/236/merge HTTP/1.1" 405 36
2026-06-14 21:17:57 INFO    werkzeug: 127.0.0.1 - - [14/Jun/2026 21:17:57] "GET /api/logs?since=204 HTTP/1.1" 200 -
2026-06-14 21:17:58 INFO    werkzeug: 127.0.0.1 - - [14/Jun/2026 21:17:58] "GET /api/logs?since=209 HTTP/1.1" 200 -
2026-06-14 21:17:58 INFO    werkzeug: 127.0.0.1 - - [14/Jun/2026 21:17:58] "GET /api/series HTTP/1.1" 200 -
2026-06-14 21:17:58 INFO    werkzeug: 127.0.0.1 - - [14/Jun/2026 21:17:58] "GET /api/events?n=120 HTTP/1.1" 200 -
2026-06-14 21:17:58 INFO    werkzeug: 127.0.0.1 - - [14/Jun/2026 21:17:58] "GET /api/insights HTTP/1.1" 200 -
2026-06-14 21:17:58 DEBUG   urllib3.connectionpool: https://gitlab.polenov.ru:443 "GET /api/v4/version HTTP/1.1" 200 246
2026-06-14 21:17:58 INFO    werkzeug: 127.0.0.1 - - [14/Jun/2026 21:17:58] "GET /api/status HTTP/1.1" 200 -
2026-06-14 21:17:59 DEBUG   urllib3.connectionpool: https://gitlab.polenov.ru:443 "PUT /api/v4/projects/1/merge_requests/236/merge HTTP/1.1" 405 36
2026-06-14 21:17:59 DEBUG   urllib3.connectionpool: https://gitlab.polenov.ru:443 "PUT /api/v4/projects/1/merge_requests/236/merge HTTP/1.1" 405 36
2026-06-14 21:17:59 DEBUG   urllib3.connectionpool: https://gitlab.polenov.ru:443 "PUT /api/v4/projects/1/merge_requests/236/merge HTTP/1.1" 405 36
2026-06-14 21:17:59 DEBUG   urllib3.connectionpool: https://gitlab.polenov.ru:443 "PUT /api/v4/projects/1/merge_requests/236/merge HTTP/1.1" 405 36
2026-06-14 21:17:59 INFO    werkzeug: 127.0.0.1 - - [14/Jun/2026 21:17:59] "GET /api/logs?since=210 HTTP/1.1" 200 -
2026-06-14 21:18:00 INFO    werkzeug: 127.0.0.1 - - [14/Jun/2026 21:18:00] "GET /api/status HTTP/1.1" 200 -
2026-06-14 21:18:00 INFO    werkzeug: 127.0.0.1 - - [14/Jun/2026 21:18:00] "GET /api/logs?since=215 HTTP/1.1" 200 -
2026-06-14 21:18:00 INFO    werkzeug: 127.0.0.1 - - [14/Jun/2026 21:18:00] "GET /api/series HTTP/1.1" 200 -
2026-06-14 21:18:00 INFO    werkzeug: 127.0.0.1 - - [14/Jun/2026 21:18:00] "GET /api/events?n=120 HTTP/1.1" 200 -
2026-06-14 21:18:01 DEBUG   urllib3.connectionpool: https://gitlab.polenov.ru:443 "PUT /api/v4/projects/1/merge_requests/236/merge HTTP/1.1" 405 36
2026-06-14 21:18:01 WARNING gitlab_client: merge_mr !236 failed: {"message":"405 Method Not Allowed"}
2026-06-14 21:18:01 DEBUG   urllib3.connectionpool: https://gitlab.polenov.ru:443 "PUT /api/v4/projects/1/merge_requests/236 HTTP/1.1" 200 None
2026-06-14 21:18:01 DEBUG   urllib3.connectionpool: https://gitlab.polenov.ru:443 "PUT /api/v4/projects/1/merge_requests/236/merge HTTP/1.1" 405 36
2026-06-14 21:18:01 WARNING gitlab_client: merge_mr !236 failed: {"message":"405 Method Not Allowed"}
2026-06-14 21:18:01 INFO    werkzeug: 127.0.0.1 - - [14/Jun/2026 21:18:01] "GET /api/status HTTP/1.1" 200 -
2026-06-14 21:18:01 INFO    werkzeug: 127.0.0.1 - - [14/Jun/2026 21:18:01] "GET /api/logs?since=217 HTTP/1.1" 200 -
2026-06-14 21:18:01 INFO    werkzeug: 127.0.0.1 - - [14/Jun/2026 21:18:01] "GET /api/insights HTTP/1.1" 200 -
2026-06-14 21:18:02 DEBUG   urllib3.connectionpool: https://gitlab.polenov.ru:443 "PUT /api/v4/projects/1/merge_requests/236 HTTP/1.1" 200 None
2026-06-14 21:18:02 DEBUG   urllib3.connectionpool: https://gitlab.polenov.ru:443 "PUT /api/v4/projects/1/merge_requests/223/merge HTTP/1.1" 422 37
2026-06-14 21:18:02 DEBUG   urllib3.connectionpool: https://gitlab.polenov.ru:443 "PUT /api/v4/projects/1/merge_requests/223/merge HTTP/1.1" 405 36
2026-06-14 21:18:02 INFO    werkzeug: 127.0.0.1 - - [14/Jun/2026 21:18:02] "GET /api/logs?since=223 HTTP/1.1" 200 -
2026-06-14 21:18:02 INFO    werkzeug: 127.0.0.1 - - [14/Jun/2026 21:18:02] "GET /api/series HTTP/1.1" 200 -
2026-06-14 21:18:02 INFO    werkzeug: 127.0.0.1 - - [14/Jun/2026 21:18:02] "GET /api/events?n=120 HTTP/1.1" 200 -
2026-06-14 21:18:02 DEBUG   urllib3.connectionpool: https://gitlab.polenov.ru:443 "PUT /api/v4/projects/1/merge_requests/223/merge HTTP/1.1" 200 None
2026-06-14 21:18:02 INFO    agents.base: [alex.petrov] merged MR !223
2026-06-14 21:18:03 DEBUG   urllib3.connectionpool: https://gitlab.polenov.ru:443 "GET /api/v4/projects/2/merge_requests?state=opened&per_page=50 HTTP/1.1" 200 2
2026-06-14 21:18:03 DEBUG   urllib3.connectionpool: https://gitlab.polenov.ru:443 "GET /api/v4/projects/3/merge_requests?state=opened&per_page=50 HTTP/1.1" 200 2
2026-06-14 21:18:03 DEBUG   urllib3.connectionpool: https://gitlab.polenov.ru:443 "GET /api/v4/projects/4/merge_requests?state=opened&per_page=50 HTTP/1.1" 200 2
2026-06-14 21:18:03 DEBUG   urllib3.connectionpool: https://gitlab.polenov.ru:443 "GET /api/v4/projects/5/merge_requests?state=opened&per_page=50 HTTP/1.1" 200 2
2026-06-14 21:18:03 INFO    werkzeug: 127.0.0.1 - - [14/Jun/2026 21:18:03] "GET /api/status HTTP/1.1" 200 -
2026-06-14 21:18:03 DEBUG   urllib3.connectionpool: https://gitlab.polenov.ru:443 "GET /api/v4/projects/6/merge_requests?state=opened&per_page=50 HTTP/1.1" 200 2
2026-06-14 21:18:03 DEBUG   urllib3.connectionpool: https://gitlab.polenov.ru:443 "GET /api/v4/projects/7/merge_requests?state=opened&per_page=50 HTTP/1.1" 200 2
2026-06-14 21:18:03 DEBUG   urllib3.connectionpool: https://gitlab.polenov.ru:443 "GET /api/v4/projects/8/merge_requests?state=opened&per_page=50 HTTP/1.1" 200 2
2026-06-14 21:18:03 DEBUG   urllib3.connectionpool: https://gitlab.polenov.ru:443 "GET /api/v4/projects/9/merge_requests?state=opened&per_page=50 HTTP/1.1" 200 2
2026-06-14 21:18:03 DEBUG   urllib3.connectionpool: https://gitlab.polenov.ru:443 "GET /api/v4/projects/10/merge_requests?state=opened&per_page=50 HTTP/1.1" 200 2
2026-06-14 21:18:03 DEBUG   urllib3.connectionpool: https://gitlab.polenov.ru:443 "GET /api/v4/projects/11/merge_requests?state=opened&per_page=50 HTTP/1.1" 200 2
2026-06-14 21:18:03 DEBUG   urllib3.connectionpool: https://gitlab.polenov.ru:443 "GET /api/v4/projects/12/merge_requests?state=opened&per_page=50 HTTP/1.1" 200 2
2026-06-14 21:18:03 INFO    scheduler: [Scheduler] разгрузка очереди: смержено 1, закрыто 7 (просмотрено 8)
2026-06-14 21:18:03 INFO    werkzeug: 127.0.0.1 - - [14/Jun/2026 21:18:03] "GET /api/logs?since=225 HTTP/1.1" 200 -
2026-06-14 21:18:04 DEBUG   urllib3.connectionpool: https://gitlab.polenov.ru:443 "PUT /api/v4/projects/1/merge_requests/223/merge HTTP/1.1" 405 36
2026-06-14 21:18:04 WARNING gitlab_client: merge_mr !223 failed: {"message":"405 Method Not Allowed"}
2026-06-14 21:18:04 DEBUG   urllib3.connectionpool: https://gitlab.polenov.ru:443 "PUT /api/v4/projects/1/merge_requests/223 HTTP/1.1" 200 None
2026-06-14 21:18:04 INFO    werkzeug: 127.0.0.1 - - [14/Jun/2026 21:18:04] "GET /api/status HTTP/1.1" 200 -
2026-06-14 21:18:04 INFO    werkzeug: 127.0.0.1 - - [14/Jun/2026 21:18:04] "GET /api/logs?since=231 HTTP/1.1" 200 -
2026-06-14 21:18:04 INFO    werkzeug: 127.0.0.1 - - [14/Jun/2026 21:18:04] "GET /api/series HTTP/1.1" 200 -
2026-06-14 21:18:04 INFO    werkzeug: 127.0.0.1 - - [14/Jun/2026 21:18:04] "GET /api/events?n=120 HTTP/1.1" 200 -
2026-06-14 21:18:04 INFO    werkzeug: 127.0.0.1 - - [14/Jun/2026 21:18:04] "GET /api/insights HTTP/1.1" 200 -
2026-06-14 21:18:05 DEBUG   urllib3.connectionpool: https://gitlab.polenov.ru:443 "PUT /api/v4/projects/1/merge_requests/216/merge HTTP/1.1" 405 36
2026-06-14 21:18:05 DEBUG   urllib3.connectionpool: https://gitlab.polenov.ru:443 "GET /api/v4/projects/1/merge_requests?state=opened&per_page=50 HTTP/1.1" 200 None
2026-06-14 21:18:05 DEBUG   urllib3.connectionpool: https://gitlab.polenov.ru:443 "GET /api/v4/projects/2/merge_requests?state=opened&per_page=50 HTTP/1.1" 200 2
2026-06-14 21:18:05 DEBUG   urllib3.connectionpool: https://gitlab.polenov.ru:443 "GET /api/v4/projects/3/merge_requests?state=opened&per_page=50 HTTP/1.1" 200 2
2026-06-14 21:18:05 DEBUG   urllib3.connectionpool: https://gitlab.polenov.ru:443 "GET /api/v4/projects/4/merge_requests?state=opened&per_page=50 HTTP/1.1" 200 2
2026-06-14 21:18:05 DEBUG   urllib3.connectionpool: https://gitlab.polenov.ru:443 "GET /api/v4/projects/5/merge_requests?state=opened&per_page=50 HTTP/1.1" 200 2
2026-06-14 21:18:05 DEBUG   urllib3.connectionpool: https://gitlab.polenov.ru:443 "GET /api/v4/projects/6/merge_requests?state=opened&per_page=50 HTTP/1.1" 200 2
2026-06-14 21:18:05 DEBUG   urllib3.connectionpool: https://gitlab.polenov.ru:443 "GET /api/v4/projects/7/merge_requests?state=opened&per_page=50 HTTP/1.1" 200 2
2026-06-14 21:18:05 DEBUG   urllib3.connectionpool: https://gitlab.polenov.ru:443 "GET /api/v4/projects/8/merge_requests?state=opened&per_page=50 HTTP/1.1" 200 2
2026-06-14 21:18:05 DEBUG   urllib3.connectionpool: https://gitlab.polenov.ru:443 "GET /api/v4/projects/9/merge_requests?state=opened&per_page=50 HTTP/1.1" 200 2
2026-06-14 21:18:05 DEBUG   urllib3.connectionpool: https://gitlab.polenov.ru:443 "GET /api/v4/projects/10/merge_requests?state=opened&per_page=50 HTTP/1.1" 200 2
2026-06-14 21:18:05 DEBUG   urllib3.connectionpool: https://gitlab.polenov.ru:443 "GET /api/v4/projects/11/merge_requests?state=opened&per_page=50 HTTP/1.1" 200 2
2026-06-14 21:18:05 INFO    werkzeug: 127.0.0.1 - - [14/Jun/2026 21:18:05] "GET /api/logs?since=234 HTTP/1.1" 200 -
2026-06-14 21:18:05 DEBUG   urllib3.connectionpool: https://gitlab.polenov.ru:443 "GET /api/v4/projects/12/merge_requests?state=opened&per_page=50 HTTP/1.1" 200 2
2026-06-14 21:18:05 DEBUG   urllib3.connectionpool: https://gitlab.polenov.ru:443 "GET /api/v4/projects/1/merge_requests?state=opened&per_page=50 HTTP/1.1" 200 None
2026-06-14 21:18:06 DEBUG   urllib3.connectionpool: https://gitlab.polenov.ru:443 "PUT /api/v4/projects/1/merge_requests/216/merge HTTP/1.1" 405 36
2026-06-14 21:18:06 INFO    werkzeug: 127.0.0.1 - - [14/Jun/2026 21:18:06] "GET /api/status HTTP/1.1" 200 -
2026-06-14 21:18:06 INFO    werkzeug: 127.0.0.1 - - [14/Jun/2026 21:18:06] "GET /api/logs?since=238 HTTP/1.1" 200 -
2026-06-14 21:18:06 INFO    werkzeug: 127.0.0.1 - - [14/Jun/2026 21:18:06] "GET /api/series HTTP/1.1" 200 -
2026-06-14 21:18:06 INFO    werkzeug: 127.0.0.1 - - [14/Jun/2026 21:18:06] "GET /api/events?n=120 HTTP/1.1" 200 -
2026-06-14 21:18:07 DEBUG   urllib3.connectionpool: https://gitlab.polenov.ru:443 "PUT /api/v4/projects/1/merge_requests/216/merge HTTP/1.1" 405 36
2026-06-14 21:18:07 DEBUG   urllib3.connectionpool: https://gitlab.polenov.ru:443 "PUT /api/v4/projects/1/merge_requests/216/merge HTTP/1.1" 405 36
2026-06-14 21:18:07 INFO    werkzeug: 127.0.0.1 - - [14/Jun/2026 21:18:07] "GET /api/status HTTP/1.1" 200 -
2026-06-14 21:18:07 INFO    werkzeug: 127.0.0.1 - - [14/Jun/2026 21:18:07] "GET /api/logs?since=240 HTTP/1.1" 200 -
2026-06-14 21:18:07 INFO    werkzeug: 127.0.0.1 - - [14/Jun/2026 21:18:07] "GET /api/insights HTTP/1.1" 200 -
2026-06-14 21:18:08 DEBUG   urllib3.connectionpool: https://gitlab.polenov.ru:443 "PUT /api/v4/projects/1/merge_requests/216/merge HTTP/1.1" 405 36
2026-06-14 21:18:08 DEBUG   urllib3.connectionpool: https://gitlab.polenov.ru:443 "PUT /api/v4/projects/1/merge_requests/216/merge HTTP/1.1" 405 36
2026-06-14 21:18:08 INFO    werkzeug: 127.0.0.1 - - [14/Jun/2026 21:18:08] "GET /api/logs?since=244 HTTP/1.1" 200 -
2026-06-14 21:18:08 INFO    werkzeug: 127.0.0.1 - - [14/Jun/2026 21:18:08] "GET /api/series HTTP/1.1" 200 -
2026-06-14 21:18:08 INFO    werkzeug: 127.0.0.1 - - [14/Jun/2026 21:18:08] "GET /api/events?n=120 HTTP/1.1" 200 -
2026-06-14 21:18:09 INFO    werkzeug: 127.0.0.1 - - [14/Jun/2026 21:18:09] "GET /api/status HTTP/1.1" 200 -
2026-06-14 21:18:09 DEBUG   urllib3.connectionpool: https://gitlab.polenov.ru:443 "PUT /api/v4/projects/1/merge_requests/216/merge HTTP/1.1" 405 36
2026-06-14 21:18:09 WARNING gitlab_client: merge_mr !216 failed: {"message":"405 Method Not Allowed"}
2026-06-14 21:18:09 DEBUG   urllib3.connectionpool: https://gitlab.polenov.ru:443 "PUT /api/v4/projects/1/merge_requests/216 HTTP/1.1" 200 None
2026-06-14 21:18:09 DEBUG   urllib3.connectionpool: https://gitlab.polenov.ru:443 "GET /api/v4/projects/2/merge_requests?state=opened&per_page=50 HTTP/1.1" 200 2
2026-06-14 21:18:09 DEBUG   urllib3.connectionpool: https://gitlab.polenov.ru:443 "GET /api/v4/projects/3/merge_requests?state=opened&per_page=50 HTTP/1.1" 200 2
2026-06-14 21:18:09 INFO    werkzeug: 127.0.0.1 - - [14/Jun/2026 21:18:09] "GET /api/logs?since=246 HTTP/1.1" 200 -
2026-06-14 21:18:09 DEBUG   urllib3.connectionpool: https://gitlab.polenov.ru:443 "GET /api/v4/projects/4/merge_requests?state=opened&per_page=50 HTTP/1.1" 200 2
2026-06-14 21:18:09 DEBUG   urllib3.connectionpool: https://gitlab.polenov.ru:443 "GET /api/v4/projects/5/merge_requests?state=opened&per_page=50 HTTP/1.1" 200 2
2026-06-14 21:18:10 DEBUG   urllib3.connectionpool: https://gitlab.polenov.ru:443 "GET /api/v4/projects/6/merge_requests?state=opened&per_page=50 HTTP/1.1" 200 2
2026-06-14 21:18:10 DEBUG   urllib3.connectionpool: https://gitlab.polenov.ru:443 "GET /api/v4/projects/7/merge_requests?state=opened&per_page=50 HTTP/1.1" 200 2
2026-06-14 21:18:10 DEBUG   urllib3.connectionpool: https://gitlab.polenov.ru:443 "GET /api/v4/projects/8/merge_requests?state=opened&per_page=50 HTTP/1.1" 200 2
2026-06-14 21:18:10 DEBUG   urllib3.connectionpool: https://gitlab.polenov.ru:443 "GET /api/v4/projects/9/merge_requests?state=opened&per_page=50 HTTP/1.1" 200 2
2026-06-14 21:18:10 DEBUG   urllib3.connectionpool: https://gitlab.polenov.ru:443 "GET /api/v4/projects/10/merge_requests?state=opened&per_page=50 HTTP/1.1" 200 2
2026-06-14 21:18:10 DEBUG   urllib3.connectionpool: https://gitlab.polenov.ru:443 "GET /api/v4/projects/11/merge_requests?state=opened&per_page=50 HTTP/1.1" 200 2
2026-06-14 21:18:10 DEBUG   urllib3.connectionpool: https://gitlab.polenov.ru:443 "PUT /api/v4/projects/1/merge_requests/216/merge HTTP/1.1" 405 36
2026-06-14 21:18:10 WARNING gitlab_client: merge_mr !216 failed: {"message":"405 Method Not Allowed"}
2026-06-14 21:18:10 DEBUG   urllib3.connectionpool: https://gitlab.polenov.ru:443 "GET /api/v4/projects/12/merge_requests?state=opened&per_page=50 HTTP/1.1" 200 2
2026-06-14 21:18:10 INFO    scheduler: [Scheduler] разгрузка очереди: смержено 0, закрыто 8 (просмотрено 8)
2026-06-14 21:18:10 DEBUG   urllib3.connectionpool: https://gitlab.polenov.ru:443 "PUT /api/v4/projects/1/merge_requests/216 HTTP/1.1" 200 None
2026-06-14 21:18:10 INFO    werkzeug: 127.0.0.1 - - [14/Jun/2026 21:18:10] "GET /api/logs?since=251 HTTP/1.1" 200 -
2026-06-14 21:18:10 INFO    werkzeug: 127.0.0.1 - - [14/Jun/2026 21:18:10] "GET /api/status HTTP/1.1" 200 -
2026-06-14 21:18:10 INFO    werkzeug: 127.0.0.1 - - [14/Jun/2026 21:18:10] "GET /api/series HTTP/1.1" 200 -
2026-06-14 21:18:10 INFO    werkzeug: 127.0.0.1 - - [14/Jun/2026 21:18:10] "GET /api/events?n=120 HTTP/1.1" 200 -
2026-06-14 21:18:10 INFO    werkzeug: 127.0.0.1 - - [14/Jun/2026 21:18:10] "GET /api/insights HTTP/1.1" 200 -
2026-06-14 21:18:11 DEBUG   urllib3.connectionpool: https://gitlab.polenov.ru:443 "PUT /api/v4/projects/1/merge_requests/215/merge HTTP/1.1" 405 36
2026-06-14 21:18:11 INFO    werkzeug: 127.0.0.1 - - [14/Jun/2026 21:18:11] "GET /api/logs?since=254 HTTP/1.1" 200 -
2026-06-14 21:18:11 DEBUG   urllib3.connectionpool: https://gitlab.polenov.ru:443 "GET /api/v4/projects/1/merge_requests?state=opened&per_page=50 HTTP/1.1" 200 None
2026-06-14 21:18:11 DEBUG   urllib3.connectionpool: https://gitlab.polenov.ru:443 "GET /api/v4/projects/2/merge_requests?state=opened&per_page=50 HTTP/1.1" 200 2
2026-06-14 21:18:11 DEBUG   urllib3.connectionpool: https://gitlab.polenov.ru:443 "GET /api/v4/projects/3/merge_requests?state=opened&per_page=50 HTTP/1.1" 200 2
2026-06-14 21:18:12 DEBUG   urllib3.connectionpool: https://gitlab.polenov.ru:443 "GET /api/v4/projects/4/merge_requests?state=opened&per_page=50 HTTP/1.1" 200 2
2026-06-14 21:18:12 DEBUG   urllib3.connectionpool: https://gitlab.polenov.ru:443 "GET /api/v4/projects/5/merge_requests?state=opened&per_page=50 HTTP/1.1" 200 2
2026-06-14 21:18:12 DEBUG   urllib3.connectionpool: https://gitlab.polenov.ru:443 "GET /api/v4/projects/6/merge_requests?state=opened&per_page=50 HTTP/1.1" 200 2
2026-06-14 21:18:12 DEBUG   urllib3.connectionpool: https://gitlab.polenov.ru:443 "GET /api/v4/projects/7/merge_requests?state=opened&per_page=50 HTTP/1.1" 200 2
2026-06-14 21:18:12 DEBUG   urllib3.connectionpool: https://gitlab.polenov.ru:443 "GET /api/v4/projects/8/merge_requests?state=opened&per_page=50 HTTP/1.1" 200 2
2026-06-14 21:18:12 DEBUG   urllib3.connectionpool: https://gitlab.polenov.ru:443 "GET /api/v4/projects/9/merge_requests?state=opened&per_page=50 HTTP/1.1" 200 2
2026-06-14 21:18:12 DEBUG   urllib3.connectionpool: https://gitlab.polenov.ru:443 "GET /api/v4/projects/10/merge_requests?state=opened&per_page=50 HTTP/1.1" 200 2
2026-06-14 21:18:12 INFO    werkzeug: 127.0.0.1 - - [14/Jun/2026 21:18:12] "GET /api/status HTTP/1.1" 200 -
2026-06-14 21:18:12 DEBUG   urllib3.connectionpool: https://gitlab.polenov.ru:443 "GET /api/v4/projects/11/merge_requests?state=opened&per_page=50 HTTP/1.1" 200 2
2026-06-14 21:18:12 DEBUG   urllib3.connectionpool: https://gitlab.polenov.ru:443 "GET /api/v4/projects/12/merge_requests?state=opened&per_page=50 HTTP/1.1" 200 2
2026-06-14 21:18:12 DEBUG   urllib3.connectionpool: https://gitlab.polenov.ru:443 "GET /api/v4/projects/1/merge_requests?state=opened&per_page=50 HTTP/1.1" 200 None
2026-06-14 21:18:12 DEBUG   urllib3.connectionpool: https://gitlab.polenov.ru:443 "PUT /api/v4/projects/1/merge_requests/215/merge HTTP/1.1" 405 36
2026-06-14 21:18:12 INFO    werkzeug: 127.0.0.1 - - [14/Jun/2026 21:18:12] "GET /api/logs?since=259 HTTP/1.1" 200 -
2026-06-14 21:18:12 INFO    werkzeug: 127.0.0.1 - - [14/Jun/2026 21:18:12] "GET /api/series HTTP/1.1" 200 -
2026-06-14 21:18:12 INFO    werkzeug: 127.0.0.1 - - [14/Jun/2026 21:18:12] "GET /api/events?n=120 HTTP/1.1" 200 -
2026-06-14 21:18:13 DEBUG   urllib3.connectionpool: https://gitlab.polenov.ru:443 "PUT /api/v4/projects/1/merge_requests/215/merge HTTP/1.1" 405 36
2026-06-14 21:18:13 DEBUG   urllib3.connectionpool: https://gitlab.polenov.ru:443 "PUT /api/v4/projects/1/merge_requests/215/merge HTTP/1.1" 405 36
2026-06-14 21:18:13 INFO    werkzeug: 127.0.0.1 - - [14/Jun/2026 21:18:13] "GET /api/status HTTP/1.1" 200 -
2026-06-14 21:18:13 INFO    werkzeug: 127.0.0.1 - - [14/Jun/2026 21:18:13] "GET /api/logs?since=261 HTTP/1.1" 200 -
2026-06-14 21:18:13 INFO    werkzeug: 127.0.0.1 - - [14/Jun/2026 21:18:13] "GET /api/insights HTTP/1.1" 200 -
2026-06-14 21:18:14 DEBUG   urllib3.connectionpool: https://gitlab.polenov.ru:443 "PUT /api/v4/projects/1/merge_requests/215/merge HTTP/1.1" 405 36
2026-06-14 21:18:14 INFO    werkzeug: 127.0.0.1 - - [14/Jun/2026 21:18:14] "GET /api/logs?since=265 HTTP/1.1" 200 -
2026-06-14 21:18:14 INFO    werkzeug: 127.0.0.1 - - [14/Jun/2026 21:18:14] "GET /api/series HTTP/1.1" 200 -
2026-06-14 21:18:14 INFO    werkzeug: 127.0.0.1 - - [14/Jun/2026 21:18:14] "GET /api/events?n=120 HTTP/1.1" 200 -
2026-06-14 21:18:14 DEBUG   urllib3.connectionpool: https://gitlab.polenov.ru:443 "PUT /api/v4/projects/1/merge_requests/215/merge HTTP/1.1" 405 36
2026-06-14 21:18:15 DEBUG   urllib3.connectionpool: https://gitlab.polenov.ru:443 "PUT /api/v4/projects/1/merge_requests/215/merge HTTP/1.1" 405 36
2026-06-14 21:18:15 WARNING gitlab_client: merge_mr !215 failed: {"message":"405 Method Not Allowed"}
2026-06-14 21:18:15 INFO    werkzeug: 127.0.0.1 - - [14/Jun/2026 21:18:15] "GET /api/status HTTP/1.1" 200 -
2026-06-14 21:18:15 DEBUG   urllib3.connectionpool: https://gitlab.polenov.ru:443 "PUT /api/v4/projects/1/merge_requests/215 HTTP/1.1" 200 None
2026-06-14 21:18:15 INFO    werkzeug: 127.0.0.1 - - [14/Jun/2026 21:18:15] "GET /api/logs?since=267 HTTP/1.1" 200 -
2026-06-14 21:18:15 DEBUG   urllib3.connectionpool: https://gitlab.polenov.ru:443 "PUT /api/v4/projects/1/merge_requests/214/merge HTTP/1.1" 405 36
2026-06-14 21:18:16 INFO    werkzeug: 127.0.0.1 - - [14/Jun/2026 21:18:16] "GET /api/logs?since=272 HTTP/1.1" 200 -
2026-06-14 21:18:16 INFO    werkzeug: 127.0.0.1 - - [14/Jun/2026 21:18:16] "GET /api/status HTTP/1.1" 200 -
2026-06-14 21:18:16 INFO    werkzeug: 127.0.0.1 - - [14/Jun/2026 21:18:16] "GET /api/series HTTP/1.1" 200 -
2026-06-14 21:18:16 INFO    werkzeug: 127.0.0.1 - - [14/Jun/2026 21:18:16] "GET /api/events?n=120 HTTP/1.1" 200 -
2026-06-14 21:18:16 INFO    werkzeug: 127.0.0.1 - - [14/Jun/2026 21:18:16] "GET /api/insights HTTP/1.1" 200 -
2026-06-14 21:18:16 DEBUG   urllib3.connectionpool: https://gitlab.polenov.ru:443 "PUT /api/v4/projects/1/merge_requests/215/merge HTTP/1.1" 405 36
2026-06-14 21:18:16 WARNING gitlab_client: merge_mr !215 failed: {"message":"405 Method Not Allowed"}
2026-06-14 21:18:17 DEBUG   urllib3.connectionpool: https://gitlab.polenov.ru:443 "PUT /api/v4/projects/1/merge_requests/215 HTTP/1.1" 200 None
2026-06-14 21:18:17 DEBUG   urllib3.connectionpool: https://gitlab.polenov.ru:443 "PUT /api/v4/projects/1/merge_requests/214/merge HTTP/1.1" 405 36
2026-06-14 21:18:17 INFO    werkzeug: 127.0.0.1 - - [14/Jun/2026 21:18:17] "GET /api/logs?since=273 HTTP/1.1" 200 -
2026-06-14 21:18:17 DEBUG   urllib3.connectionpool: https://gitlab.polenov.ru:443 "PUT /api/v4/projects/1/merge_requests/214/merge HTTP/1.1" 405 36
2026-06-14 21:18:18 DEBUG   urllib3.connectionpool: https://gitlab.polenov.ru:443 "PUT /api/v4/projects/1/merge_requests/214/merge HTTP/1.1" 405 36
2026-06-14 21:18:18 INFO    werkzeug: 127.0.0.1 - - [14/Jun/2026 21:18:18] "GET /api/status HTTP/1.1" 200 -
2026-06-14 21:18:18 INFO    werkzeug: 127.0.0.1 - - [14/Jun/2026 21:18:18] "GET /api/logs?since=279 HTTP/1.1" 200 -
2026-06-14 21:18:18 INFO    werkzeug: 127.0.0.1 - - [14/Jun/2026 21:18:18] "GET /api/series HTTP/1.1" 200 -
2026-06-14 21:18:18 INFO    werkzeug: 127.0.0.1 - - [14/Jun/2026 21:18:18] "GET /api/events?n=120 HTTP/1.1" 200 -
2026-06-14 21:18:19 DEBUG   urllib3.connectionpool: https://gitlab.polenov.ru:443 "PUT /api/v4/projects/1/merge_requests/214/merge HTTP/1.1" 405 36
2026-06-14 21:18:19 DEBUG   urllib3.connectionpool: https://gitlab.polenov.ru:443 "PUT /api/v4/projects/1/merge_requests/214/merge HTTP/1.1" 405 36
2026-06-14 21:18:19 INFO    werkzeug: 127.0.0.1 - - [14/Jun/2026 21:18:19] "GET /api/logs?since=281 HTTP/1.1" 200 -
2026-06-14 21:18:19 INFO    werkzeug: 127.0.0.1 - - [14/Jun/2026 21:18:19] "GET /api/insights HTTP/1.1" 200 -
2026-06-14 21:18:19 DEBUG   urllib3.connectionpool: https://gitlab.polenov.ru:443 "GET /api/v4/version HTTP/1.1" 200 246
2026-06-14 21:18:19 INFO    werkzeug: 127.0.0.1 - - [14/Jun/2026 21:18:19] "GET /api/status HTTP/1.1" 200 -
2026-06-14 21:18:20 DEBUG   urllib3.connectionpool: https://gitlab.polenov.ru:443 "PUT /api/v4/projects/1/merge_requests/214/merge HTTP/1.1" 405 36
2026-06-14 21:18:20 WARNING gitlab_client: merge_mr !214 failed: {"message":"405 Method Not Allowed"}
2026-06-14 21:18:20 DEBUG   urllib3.connectionpool: https://gitlab.polenov.ru:443 "PUT /api/v4/projects/1/merge_requests/214 HTTP/1.1" 200 None
2026-06-14 21:18:20 INFO    werkzeug: 127.0.0.1 - - [14/Jun/2026 21:18:20] "GET /api/logs?since=284 HTTP/1.1" 200 -
2026-06-14 21:18:20 INFO    werkzeug: 127.0.0.1 - - [14/Jun/2026 21:18:20] "GET /api/series HTTP/1.1" 200 -
2026-06-14 21:18:20 INFO    werkzeug: 127.0.0.1 - - [14/Jun/2026 21:18:20] "GET /api/events?n=120 HTTP/1.1" 200 -
2026-06-14 21:18:21 INFO    werkzeug: 127.0.0.1 - - [14/Jun/2026 21:18:21] "GET /api/status HTTP/1.1" 200 -
2026-06-14 21:18:21 DEBUG   urllib3.connectionpool: https://gitlab.polenov.ru:443 "PUT /api/v4/projects/1/merge_requests/213/merge HTTP/1.1" 200 None
2026-06-14 21:18:21 INFO    agents.base: [alex.petrov] merged MR !213
2026-06-14 21:18:21 DEBUG   urllib3.connectionpool: https://gitlab.polenov.ru:443 "PUT /api/v4/projects/1/merge_requests/214/merge HTTP/1.1" 405 36
2026-06-14 21:18:21 WARNING gitlab_client: merge_mr !214 failed: {"message":"405 Method Not Allowed"}
2026-06-14 21:18:21 DEBUG   urllib3.connectionpool: https://gitlab.polenov.ru:443 "PUT /api/v4/projects/1/merge_requests/212/merge HTTP/1.1" 405 36
2026-06-14 21:18:21 INFO    werkzeug: 127.0.0.1 - - [14/Jun/2026 21:18:21] "GET /api/logs?since=288 HTTP/1.1" 200 -
2026-06-14 21:18:21 DEBUG   urllib3.connectionpool: https://gitlab.polenov.ru:443 "PUT /api/v4/projects/1/merge_requests/214 HTTP/1.1" 200 None
2026-06-14 21:18:22 DEBUG   urllib3.connectionpool: https://gitlab.polenov.ru:443 "PUT /api/v4/projects/1/merge_requests/213/merge HTTP/1.1" 405 36
2026-06-14 21:18:22 INFO    werkzeug: 127.0.0.1 - - [14/Jun/2026 21:18:22] "GET /api/status HTTP/1.1" 200 -
2026-06-14 21:18:22 INFO    werkzeug: 127.0.0.1 - - [14/Jun/2026 21:18:22] "GET /api/logs?since=294 HTTP/1.1" 200 -
2026-06-14 21:18:22 INFO    werkzeug: 127.0.0.1 - - [14/Jun/2026 21:18:22] "GET /api/series HTTP/1.1" 200 -
2026-06-14 21:18:22 INFO    werkzeug: 127.0.0.1 - - [14/Jun/2026 21:18:22] "GET /api/events?n=120 HTTP/1.1" 200 -
2026-06-14 21:18:22 INFO    werkzeug: 127.0.0.1 - - [14/Jun/2026 21:18:22] "GET /api/insights HTTP/1.1" 200 -
2026-06-14 21:18:23 INFO    werkzeug: 127.0.0.1 - - [14/Jun/2026 21:18:23] "GET /api/logs?since=296 HTTP/1.1" 200 -
2026-06-14 21:18:23 DEBUG   urllib3.connectionpool: https://gitlab.polenov.ru:443 "PUT /api/v4/projects/1/merge_requests/212/merge HTTP/1.1" 405 36
2026-06-14 21:18:23 INFO    werkzeug: 127.0.0.1 - - [14/Jun/2026 21:18:23] "GET /api/status HTTP/1.1" 200 -
2026-06-14 21:18:23 INFO    werkzeug: 127.0.0.1 - - [14/Jun/2026 21:18:23] "GET /api/logs?since=1773 HTTP/1.1" 200 -
2026-06-14 21:18:23 INFO    werkzeug: 127.0.0.1 - - [14/Jun/2026 21:18:23] "GET /api/series HTTP/1.1" 200 -
2026-06-14 21:18:23 INFO    werkzeug: 127.0.0.1 - - [14/Jun/2026 21:18:23] "GET /api/events?n=120 HTTP/1.1" 200 -
2026-06-14 21:18:23 INFO    werkzeug: 127.0.0.1 - - [14/Jun/2026 21:18:23] "GET /api/logs?since=1879 HTTP/1.1" 200 -
2026-06-14 21:18:23 INFO    werkzeug: 127.0.0.1 - - [14/Jun/2026 21:18:23] "GET /api/status HTTP/1.1" 200 -
2026-06-14 21:18:23 INFO    werkzeug: 127.0.0.1 - - [14/Jun/2026 21:18:23] "GET /api/series HTTP/1.1" 200 -
2026-06-14 21:18:23 INFO    werkzeug: 127.0.0.1 - - [14/Jun/2026 21:18:23] "GET /api/events?n=120 HTTP/1.1" 200 -
2026-06-14 21:18:23 DEBUG   urllib3.connectionpool: https://gitlab.polenov.ru:443 "PUT /api/v4/projects/1/merge_requests/212/merge HTTP/1.1" 405 36
2026-06-14 21:18:24 DEBUG   urllib3.connectionpool: https://gitlab.polenov.ru:443 "PUT /api/v4/projects/1/merge_requests/213/merge HTTP/1.1" 405 36
2026-06-14 21:18:24 DEBUG   urllib3.connectionpool: https://gitlab.polenov.ru:443 "PUT /api/v4/projects/1/merge_requests/213/merge HTTP/1.1" 405 36
2026-06-14 21:18:24 INFO    werkzeug: 127.0.0.1 - - [14/Jun/2026 21:18:24] "GET /api/status HTTP/1.1" 200 -
2026-06-14 21:18:24 INFO    werkzeug: 127.0.0.1 - - [14/Jun/2026 21:18:24] "GET /api/logs?since=300 HTTP/1.1" 200 -
2026-06-14 21:18:24 INFO    werkzeug: 127.0.0.1 - - [14/Jun/2026 21:18:24] "GET /api/series HTTP/1.1" 200 -
2026-06-14 21:18:24 INFO    werkzeug: 127.0.0.1 - - [14/Jun/2026 21:18:24] "GET /api/events?n=120 HTTP/1.1" 200 -
2026-06-14 21:18:25 INFO    werkzeug: 127.0.0.1 - - [14/Jun/2026 21:18:25] "GET /api/logs?since=310 HTTP/1.1" 200 -
2026-06-14 21:18:25 INFO    werkzeug: 127.0.0.1 - - [14/Jun/2026 21:18:25] "GET /api/status HTTP/1.1" 200 -
2026-06-14 21:18:25 INFO    werkzeug: 127.0.0.1 - - [14/Jun/2026 21:18:25] "GET /api/insights HTTP/1.1" 200 -
2026-06-14 21:18:26 DEBUG   urllib3.connectionpool: https://gitlab.polenov.ru:443 "PUT /api/v4/projects/1/merge_requests/212/merge HTTP/1.1" 405 36
2026-06-14 21:18:26 WARNING gitlab_client: merge_mr !212 failed: {"message":"405 Method Not Allowed"}
2026-06-14 21:18:26 DEBUG   urllib3.connectionpool: https://gitlab.polenov.ru:443 "PUT /api/v4/projects/1/merge_requests/213/merge HTTP/1.1" 405 36
2026-06-14 21:18:26 WARNING gitlab_client: merge_mr !213 failed: {"message":"405 Method Not Allowed"}
2026-06-14 21:18:26 DEBUG   urllib3.connectionpool: https://gitlab.polenov.ru:443 "PUT /api/v4/projects/1/merge_requests/212 HTTP/1.1" 200 None
2026-06-14 21:18:26 DEBUG   urllib3.connectionpool: https://gitlab.polenov.ru:443 "PUT /api/v4/projects/1/merge_requests/211/merge HTTP/1.1" 405 36
2026-06-14 21:18:26 DEBUG   urllib3.connectionpool: https://gitlab.polenov.ru:443 "PUT /api/v4/projects/1/merge_requests/213 HTTP/1.1" 200 None
2026-06-14 21:18:26 INFO    werkzeug: 127.0.0.1 - - [14/Jun/2026 21:18:26] "GET /api/logs?since=313 HTTP/1.1" 200 -
2026-06-14 21:18:26 INFO    werkzeug: 127.0.0.1 - - [14/Jun/2026 21:18:26] "GET /api/series HTTP/1.1" 200 -
2026-06-14 21:18:26 INFO    werkzeug: 127.0.0.1 - - [14/Jun/2026 21:18:26] "GET /api/events?n=120 HTTP/1.1" 200 -
2026-06-14 21:18:26 DEBUG   urllib3.connectionpool: https://gitlab.polenov.ru:443 "PUT /api/v4/projects/1/merge_requests/212/merge HTTP/1.1" 405 36
2026-06-14 21:18:27 INFO    werkzeug: 127.0.0.1 - - [14/Jun/2026 21:18:27] "GET /api/status HTTP/1.1" 200 -
2026-06-14 21:18:27 INFO    werkzeug: 127.0.0.1 - - [14/Jun/2026 21:18:27] "GET /api/logs?since=318 HTTP/1.1" 200 -
2026-06-14 21:18:28 DEBUG   urllib3.connectionpool: https://gitlab.polenov.ru:443 "PUT /api/v4/projects/1/merge_requests/211/merge HTTP/1.1" 405 36
2026-06-14 21:18:28 INFO    werkzeug: 127.0.0.1 - - [14/Jun/2026 21:18:28] "GET /api/status HTTP/1.1" 200 -
2026-06-14 21:18:28 INFO    werkzeug: 127.0.0.1 - - [14/Jun/2026 21:18:28] "GET /api/logs?since=322 HTTP/1.1" 200 -
2026-06-14 21:18:28 INFO    werkzeug: 127.0.0.1 - - [14/Jun/2026 21:18:28] "GET /api/series HTTP/1.1" 200 -
2026-06-14 21:18:28 INFO    werkzeug: 127.0.0.1 - - [14/Jun/2026 21:18:28] "GET /api/events?n=120 HTTP/1.1" 200 -
2026-06-14 21:18:28 INFO    werkzeug: 127.0.0.1 - - [14/Jun/2026 21:18:28] "GET /api/insights HTTP/1.1" 200 -
2026-06-14 21:18:28 DEBUG   urllib3.connectionpool: https://gitlab.polenov.ru:443 "PUT /api/v4/projects/1/merge_requests/211/merge HTTP/1.1" 405 36
2026-06-14 21:18:28 DEBUG   urllib3.connectionpool: https://gitlab.polenov.ru:443 "PUT /api/v4/projects/1/merge_requests/212/merge HTTP/1.1" 405 36
2026-06-14 21:18:29 DEBUG   urllib3.connectionpool: https://gitlab.polenov.ru:443 "PUT /api/v4/projects/1/merge_requests/212/merge HTTP/1.1" 405 36
2026-06-14 21:18:29 INFO    werkzeug: 127.0.0.1 - - [14/Jun/2026 21:18:29] "GET /api/logs?since=324 HTTP/1.1" 200 -
2026-06-14 21:18:30 INFO    werkzeug: 127.0.0.1 - - [14/Jun/2026 21:18:30] "GET /api/status HTTP/1.1" 200 -
2026-06-14 21:18:30 INFO    werkzeug: 127.0.0.1 - - [14/Jun/2026 21:18:30] "GET /api/logs?since=328 HTTP/1.1" 200 -
2026-06-14 21:18:30 INFO    werkzeug: 127.0.0.1 - - [14/Jun/2026 21:18:30] "GET /api/series HTTP/1.1" 200 -
2026-06-14 21:18:30 INFO    werkzeug: 127.0.0.1 - - [14/Jun/2026 21:18:30] "GET /api/events?n=120 HTTP/1.1" 200 -
2026-06-14 21:18:30 DEBUG   urllib3.connectionpool: https://gitlab.polenov.ru:443 "PUT /api/v4/projects/1/merge_requests/211/merge HTTP/1.1" 405 36
2026-06-14 21:18:30 WARNING gitlab_client: merge_mr !211 failed: {"message":"405 Method Not Allowed"}
2026-06-14 21:18:31 DEBUG   urllib3.connectionpool: https://gitlab.polenov.ru:443 "PUT /api/v4/projects/1/merge_requests/212/merge HTTP/1.1" 405 36
2026-06-14 21:18:31 WARNING gitlab_client: merge_mr !212 failed: {"message":"405 Method Not Allowed"}
2026-06-14 21:18:31 DEBUG   urllib3.connectionpool: https://gitlab.polenov.ru:443 "PUT /api/v4/projects/1/merge_requests/211 HTTP/1.1" 200 None
2026-06-14 21:18:31 DEBUG   urllib3.connectionpool: https://gitlab.polenov.ru:443 "PUT /api/v4/projects/1/merge_requests/212 HTTP/1.1" 200 None
2026-06-14 21:18:31 DEBUG   urllib3.connectionpool: https://gitlab.polenov.ru:443 "PUT /api/v4/projects/1/merge_requests/211/merge HTTP/1.1" 405 36
2026-06-14 21:18:31 DEBUG   urllib3.connectionpool: https://gitlab.polenov.ru:443 "PUT /api/v4/projects/1/merge_requests/210/merge HTTP/1.1" 405 36
2026-06-14 21:18:31 INFO    werkzeug: 127.0.0.1 - - [14/Jun/2026 21:18:31] "GET /api/logs?since=330 HTTP/1.1" 200 -
2026-06-14 21:18:31 INFO    werkzeug: 127.0.0.1 - - [14/Jun/2026 21:18:31] "GET /api/status HTTP/1.1" 200 -
2026-06-14 21:18:31 INFO    werkzeug: 127.0.0.1 - - [14/Jun/2026 21:18:31] "GET /api/insights HTTP/1.1" 200 -
2026-06-14 21:18:32 INFO    werkzeug: 127.0.0.1 - - [14/Jun/2026 21:18:32] "GET /api/logs?since=335 HTTP/1.1" 200 -
2026-06-14 21:18:32 INFO    werkzeug: 127.0.0.1 - - [14/Jun/2026 21:18:32] "GET /api/series HTTP/1.1" 200 -
2026-06-14 21:18:32 INFO    werkzeug: 127.0.0.1 - - [14/Jun/2026 21:18:32] "GET /api/events?n=120 HTTP/1.1" 200 -
2026-06-14 21:18:33 INFO    werkzeug: 127.0.0.1 - - [14/Jun/2026 21:18:33] "GET /api/status HTTP/1.1" 200 -
2026-06-14 21:18:33 DEBUG   urllib3.connectionpool: https://gitlab.polenov.ru:443 "PUT /api/v4/projects/1/merge_requests/211/merge HTTP/1.1" 405 36
2026-06-14 21:18:33 DEBUG   urllib3.connectionpool: https://gitlab.polenov.ru:443 "PUT /api/v4/projects/1/merge_requests/211/merge HTTP/1.1" 405 36
2026-06-14 21:18:33 DEBUG   urllib3.connectionpool: https://gitlab.polenov.ru:443 "PUT /api/v4/projects/1/merge_requests/210/merge HTTP/1.1" 405 36
2026-06-14 21:18:33 INFO    werkzeug: 127.0.0.1 - - [14/Jun/2026 21:18:33] "GET /api/logs?since=338 HTTP/1.1" 200 -
2026-06-14 21:18:33 DEBUG   urllib3.connectionpool: https://gitlab.polenov.ru:443 "PUT /api/v4/projects/1/merge_requests/210/merge HTTP/1.1" 405 36
2026-06-14 21:18:34 INFO    werkzeug: 127.0.0.1 - - [14/Jun/2026 21:18:34] "GET /api/status HTTP/1.1" 200 -
2026-06-14 21:18:34 INFO    werkzeug: 127.0.0.1 - - [14/Jun/2026 21:18:34] "GET /api/logs?since=342 HTTP/1.1" 200 -
2026-06-14 21:18:34 INFO    werkzeug: 127.0.0.1 - - [14/Jun/2026 21:18:34] "GET /api/series HTTP/1.1" 200 -
2026-06-14 21:18:34 INFO    werkzeug: 127.0.0.1 - - [14/Jun/2026 21:18:34] "GET /api/events?n=120 HTTP/1.1" 200 -
2026-06-14 21:18:34 INFO    werkzeug: 127.0.0.1 - - [14/Jun/2026 21:18:34] "GET /api/insights HTTP/1.1" 200 -
2026-06-14 21:18:35 DEBUG   urllib3.connectionpool: https://gitlab.polenov.ru:443 "PUT /api/v4/projects/1/merge_requests/211/merge HTTP/1.1" 405 36
2026-06-14 21:18:35 WARNING gitlab_client: merge_mr !211 failed: {"message":"405 Method Not Allowed"}
2026-06-14 21:18:35 INFO    werkzeug: 127.0.0.1 - - [14/Jun/2026 21:18:35] "GET /api/logs?since=344 HTTP/1.1" 200 -
2026-06-14 21:18:36 DEBUG   urllib3.connectionpool: https://gitlab.polenov.ru:443 "PUT /api/v4/projects/1/merge_requests/210/merge HTTP/1.1" 405 36
2026-06-14 21:18:36 WARNING gitlab_client: merge_mr !210 failed: {"message":"405 Method Not Allowed"}
2026-06-14 21:18:36 DEBUG   urllib3.connectionpool: https://gitlab.polenov.ru:443 "PUT /api/v4/projects/1/merge_requests/211 HTTP/1.1" 200 None
2026-06-14 21:18:36 DEBUG   urllib3.connectionpool: https://gitlab.polenov.ru:443 "PUT /api/v4/projects/1/merge_requests/210/merge HTTP/1.1" 405 36
2026-06-14 21:18:36 INFO    werkzeug: 127.0.0.1 - - [14/Jun/2026 21:18:36] "GET /api/status HTTP/1.1" 200 -
2026-06-14 21:18:36 DEBUG   urllib3.connectionpool: https://gitlab.polenov.ru:443 "PUT /api/v4/projects/1/merge_requests/210 HTTP/1.1" 200 None
2026-06-14 21:18:36 DEBUG   urllib3.connectionpool: https://gitlab.polenov.ru:443 "PUT /api/v4/projects/1/merge_requests/209/merge HTTP/1.1" 405 36
2026-06-14 21:18:36 INFO    werkzeug: 127.0.0.1 - - [14/Jun/2026 21:18:36] "GET /api/logs?since=349 HTTP/1.1" 200 -
2026-06-14 21:18:36 INFO    werkzeug: 127.0.0.1 - - [14/Jun/2026 21:18:36] "GET /api/series HTTP/1.1" 200 -
2026-06-14 21:18:36 INFO    werkzeug: 127.0.0.1 - - [14/Jun/2026 21:18:36] "GET /api/events?n=120 HTTP/1.1" 200 -
2026-06-14 21:18:37 INFO    werkzeug: 127.0.0.1 - - [14/Jun/2026 21:18:37] "GET /api/logs?since=352 HTTP/1.1" 200 -
2026-06-14 21:18:37 INFO    werkzeug: 127.0.0.1 - - [14/Jun/2026 21:18:37] "GET /api/status HTTP/1.1" 200 -
2026-06-14 21:18:37 INFO    werkzeug: 127.0.0.1 - - [14/Jun/2026 21:18:37] "GET /api/insights HTTP/1.1" 200 -
2026-06-14 21:18:38 DEBUG   urllib3.connectionpool: https://gitlab.polenov.ru:443 "PUT /api/v4/projects/1/merge_requests/210/merge HTTP/1.1" 405 36
2026-06-14 21:18:38 DEBUG   urllib3.connectionpool: https://gitlab.polenov.ru:443 "PUT /api/v4/projects/1/merge_requests/210/merge HTTP/1.1" 405 36
2026-06-14 21:18:38 DEBUG   urllib3.connectionpool: https://gitlab.polenov.ru:443 "PUT /api/v4/projects/1/merge_requests/209/merge HTTP/1.1" 405 36
2026-06-14 21:18:38 DEBUG   urllib3.connectionpool: https://gitlab.polenov.ru:443 "PUT /api/v4/projects/1/merge_requests/209/merge HTTP/1.1" 405 36
2026-06-14 21:18:38 INFO    werkzeug: 127.0.0.1 - - [14/Jun/2026 21:18:38] "GET /api/logs?since=355 HTTP/1.1" 200 -
2026-06-14 21:18:38 INFO    werkzeug: 127.0.0.1 - - [14/Jun/2026 21:18:38] "GET /api/series HTTP/1.1" 200 -
2026-06-14 21:18:38 INFO    werkzeug: 127.0.0.1 - - [14/Jun/2026 21:18:38] "GET /api/events?n=120 HTTP/1.1" 200 -
2026-06-14 21:18:39 INFO    werkzeug: 127.0.0.1 - - [14/Jun/2026 21:18:39] "GET /api/status HTTP/1.1" 200 -
2026-06-14 21:18:39 INFO    werkzeug: 127.0.0.1 - - [14/Jun/2026 21:18:39] "GET /api/logs?since=358 HTTP/1.1" 200 -
2026-06-14 21:18:40 DEBUG   urllib3.connectionpool: https://gitlab.polenov.ru:443 "PUT /api/v4/projects/1/merge_requests/210/merge HTTP/1.1" 405 36
2026-06-14 21:18:40 WARNING gitlab_client: merge_mr !210 failed: {"message":"405 Method Not Allowed"}
2026-06-14 21:18:40 DEBUG   urllib3.connectionpool: Starting new HTTPS connection (3): gitlab.polenov.ru:443
2026-06-14 21:18:40 INFO    werkzeug: 127.0.0.1 - - [14/Jun/2026 21:18:40] "GET /api/logs?since=362 HTTP/1.1" 200 -
2026-06-14 21:18:40 INFO    werkzeug: 127.0.0.1 - - [14/Jun/2026 21:18:40] "GET /api/series HTTP/1.1" 200 -
2026-06-14 21:18:40 INFO    werkzeug: 127.0.0.1 - - [14/Jun/2026 21:18:40] "GET /api/events?n=120 HTTP/1.1" 200 -
2026-06-14 21:18:40 INFO    werkzeug: 127.0.0.1 - - [14/Jun/2026 21:18:40] "GET /api/insights HTTP/1.1" 200 -
2026-06-14 21:18:40 DEBUG   urllib3.connectionpool: https://gitlab.polenov.ru:443 "PUT /api/v4/projects/1/merge_requests/210 HTTP/1.1" 200 None
2026-06-14 21:18:40 DEBUG   urllib3.connectionpool: https://gitlab.polenov.ru:443 "GET /api/v4/version HTTP/1.1" 200 246
2026-06-14 21:18:40 INFO    werkzeug: 127.0.0.1 - - [14/Jun/2026 21:18:40] "GET /api/status HTTP/1.1" 200 -
2026-06-14 21:18:40 DEBUG   urllib3.connectionpool: https://gitlab.polenov.ru:443 "PUT /api/v4/projects/1/merge_requests/209/merge HTTP/1.1" 405 36
2026-06-14 21:18:40 WARNING gitlab_client: merge_mr !209 failed: {"message":"405 Method Not Allowed"}
2026-06-14 21:18:41 DEBUG   urllib3.connectionpool: https://gitlab.polenov.ru:443 "PUT /api/v4/projects/1/merge_requests/209/merge HTTP/1.1" 405 36
2026-06-14 21:18:41 DEBUG   urllib3.connectionpool: https://gitlab.polenov.ru:443 "PUT /api/v4/projects/1/merge_requests/209 HTTP/1.1" 200 None
2026-06-14 21:18:41 DEBUG   urllib3.connectionpool: https://gitlab.polenov.ru:443 "GET /api/v4/projects/2/merge_requests?state=opened&per_page=50 HTTP/1.1" 200 2
2026-06-14 21:18:41 DEBUG   urllib3.connectionpool: https://gitlab.polenov.ru:443 "GET /api/v4/projects/3/merge_requests?state=opened&per_page=50 HTTP/1.1" 200 2
2026-06-14 21:18:41 DEBUG   urllib3.connectionpool: https://gitlab.polenov.ru:443 "GET /api/v4/projects/4/merge_requests?state=opened&per_page=50 HTTP/1.1" 200 2
2026-06-14 21:18:41 DEBUG   urllib3.connectionpool: https://gitlab.polenov.ru:443 "GET /api/v4/projects/5/merge_requests?state=opened&per_page=50 HTTP/1.1" 200 2
2026-06-14 21:18:41 DEBUG   urllib3.connectionpool: https://gitlab.polenov.ru:443 "GET /api/v4/projects/6/merge_requests?state=opened&per_page=50 HTTP/1.1" 200 2
2026-06-14 21:18:41 DEBUG   urllib3.connectionpool: https://gitlab.polenov.ru:443 "GET /api/v4/projects/7/merge_requests?state=opened&per_page=50 HTTP/1.1" 200 2
2026-06-14 21:18:41 DEBUG   urllib3.connectionpool: https://gitlab.polenov.ru:443 "GET /api/v4/projects/8/merge_requests?state=opened&per_page=50 HTTP/1.1" 200 2
2026-06-14 21:18:41 DEBUG   urllib3.connectionpool: https://gitlab.polenov.ru:443 "GET /api/v4/projects/9/merge_requests?state=opened&per_page=50 HTTP/1.1" 200 2
2026-06-14 21:18:41 DEBUG   urllib3.connectionpool: https://gitlab.polenov.ru:443 "GET /api/v4/projects/10/merge_requests?state=opened&per_page=50 HTTP/1.1" 200 2
2026-06-14 21:18:41 DEBUG   urllib3.connectionpool: https://gitlab.polenov.ru:443 "GET /api/v4/projects/11/merge_requests?state=opened&per_page=50 HTTP/1.1" 200 2
2026-06-14 21:18:41 DEBUG   urllib3.connectionpool: https://gitlab.polenov.ru:443 "GET /api/v4/projects/12/merge_requests?state=opened&per_page=50 HTTP/1.1" 200 2
2026-06-14 21:18:41 INFO    scheduler: [Scheduler] разгрузка очереди: смержено 1, закрыто 7 (просмотрено 8)
2026-06-14 21:18:41 INFO    werkzeug: 127.0.0.1 - - [14/Jun/2026 21:18:41] "GET /api/logs?since=364 HTTP/1.1" 200 -
2026-06-14 21:18:42 INFO    werkzeug: 127.0.0.1 - - [14/Jun/2026 21:18:42] "GET /api/status HTTP/1.1" 200 -
2026-06-14 21:18:42 DEBUG   urllib3.connectionpool: https://gitlab.polenov.ru:443 "GET /api/v4/projects/1/merge_requests?state=opened&per_page=50 HTTP/1.1" 200 None
2026-06-14 21:18:42 DEBUG   urllib3.connectionpool: https://gitlab.polenov.ru:443 "GET /api/v4/projects/2/merge_requests?state=opened&per_page=50 HTTP/1.1" 200 2
2026-06-14 21:18:42 DEBUG   urllib3.connectionpool: https://gitlab.polenov.ru:443 "GET /api/v4/projects/3/merge_requests?state=opened&per_page=50 HTTP/1.1" 200 2
2026-06-14 21:18:42 DEBUG   urllib3.connectionpool: https://gitlab.polenov.ru:443 "GET /api/v4/projects/4/merge_requests?state=opened&per_page=50 HTTP/1.1" 200 2
2026-06-14 21:18:42 DEBUG   urllib3.connectionpool: https://gitlab.polenov.ru:443 "GET /api/v4/projects/5/merge_requests?state=opened&per_page=50 HTTP/1.1" 200 2
2026-06-14 21:18:42 INFO    werkzeug: 127.0.0.1 - - [14/Jun/2026 21:18:42] "GET /api/logs?since=371 HTTP/1.1" 200 -
2026-06-14 21:18:42 INFO    werkzeug: 127.0.0.1 - - [14/Jun/2026 21:18:42] "GET /api/series HTTP/1.1" 200 -
2026-06-14 21:18:42 INFO    werkzeug: 127.0.0.1 - - [14/Jun/2026 21:18:42] "GET /api/events?n=120 HTTP/1.1" 200 -
2026-06-14 21:18:42 DEBUG   urllib3.connectionpool: https://gitlab.polenov.ru:443 "GET /api/v4/projects/6/merge_requests?state=opened&per_page=50 HTTP/1.1" 200 2
2026-06-14 21:18:42 DEBUG   urllib3.connectionpool: https://gitlab.polenov.ru:443 "GET /api/v4/projects/7/merge_requests?state=opened&per_page=50 HTTP/1.1" 200 2
2026-06-14 21:18:43 DEBUG   urllib3.connectionpool: https://gitlab.polenov.ru:443 "GET /api/v4/projects/8/merge_requests?state=opened&per_page=50 HTTP/1.1" 200 2
2026-06-14 21:18:43 DEBUG   urllib3.connectionpool: https://gitlab.polenov.ru:443 "PUT /api/v4/projects/1/merge_requests/209/merge HTTP/1.1" 405 36
2026-06-14 21:18:43 DEBUG   urllib3.connectionpool: https://gitlab.polenov.ru:443 "GET /api/v4/projects/9/merge_requests?state=opened&per_page=50 HTTP/1.1" 200 2
2026-06-14 21:18:43 DEBUG   urllib3.connectionpool: https://gitlab.polenov.ru:443 "GET /api/v4/projects/10/merge_requests?state=opened&per_page=50 HTTP/1.1" 200 2
2026-06-14 21:18:43 DEBUG   urllib3.connectionpool: https://gitlab.polenov.ru:443 "PUT /api/v4/projects/1/merge_requests/209/merge HTTP/1.1" 405 36
2026-06-14 21:18:43 DEBUG   urllib3.connectionpool: https://gitlab.polenov.ru:443 "GET /api/v4/projects/11/merge_requests?state=opened&per_page=50 HTTP/1.1" 200 2
2026-06-14 21:18:43 DEBUG   urllib3.connectionpool: https://gitlab.polenov.ru:443 "GET /api/v4/projects/12/merge_requests?state=opened&per_page=50 HTTP/1.1" 200 2
2026-06-14 21:18:43 DEBUG   urllib3.connectionpool: https://gitlab.polenov.ru:443 "GET /api/v4/projects/1/merge_requests?state=opened&per_page=50 HTTP/1.1" 200 None
2026-06-14 21:18:43 DEBUG   urllib3.connectionpool: https://gitlab.polenov.ru:443 "PUT /api/v4/projects/1/merge_requests/208/merge HTTP/1.1" 405 36
2026-06-14 21:18:43 INFO    werkzeug: 127.0.0.1 - - [14/Jun/2026 21:18:43] "GET /api/logs?since=373 HTTP/1.1" 200 -
2026-06-14 21:18:43 INFO    werkzeug: 127.0.0.1 - - [14/Jun/2026 21:18:43] "GET /api/status HTTP/1.1" 200 -
2026-06-14 21:18:43 INFO    werkzeug: 127.0.0.1 - - [14/Jun/2026 21:18:43] "GET /api/insights HTTP/1.1" 200 -
2026-06-14 21:18:44 INFO    werkzeug: 127.0.0.1 - - [14/Jun/2026 21:18:44] "GET /api/logs?since=376 HTTP/1.1" 200 -
2026-06-14 21:18:44 INFO    werkzeug: 127.0.0.1 - - [14/Jun/2026 21:18:44] "GET /api/series HTTP/1.1" 200 -
2026-06-14 21:18:44 INFO    werkzeug: 127.0.0.1 - - [14/Jun/2026 21:18:44] "GET /api/events?n=120 HTTP/1.1" 200 -
2026-06-14 21:18:45 DEBUG   urllib3.connectionpool: https://gitlab.polenov.ru:443 "PUT /api/v4/projects/1/merge_requests/209/merge HTTP/1.1" 405 36
2026-06-14 21:18:45 WARNING gitlab_client: merge_mr !209 failed: {"message":"405 Method Not Allowed"}
2026-06-14 21:18:45 INFO    werkzeug: 127.0.0.1 - - [14/Jun/2026 21:18:45] "GET /api/status HTTP/1.1" 200 -
2026-06-14 21:18:45 DEBUG   urllib3.connectionpool: https://gitlab.polenov.ru:443 "PUT /api/v4/projects/1/merge_requests/209 HTTP/1.1" 200 None
2026-06-14 21:18:45 DEBUG   urllib3.connectionpool: https://gitlab.polenov.ru:443 "PUT /api/v4/projects/1/merge_requests/208/merge HTTP/1.1" 405 36
2026-06-14 21:18:45 DEBUG   urllib3.connectionpool: https://gitlab.polenov.ru:443 "PUT /api/v4/projects/1/merge_requests/208/merge HTTP/1.1" 405 36
2026-06-14 21:18:45 DEBUG   urllib3.connectionpool: https://gitlab.polenov.ru:443 "PUT /api/v4/projects/1/merge_requests/208/merge HTTP/1.1" 405 36
2026-06-14 21:18:45 INFO    werkzeug: 127.0.0.1 - - [14/Jun/2026 21:18:45] "GET /api/logs?since=379 HTTP/1.1" 200 -
2026-06-14 21:18:46 INFO    werkzeug: 127.0.0.1 - - [14/Jun/2026 21:18:46] "GET /api/status HTTP/1.1" 200 -
2026-06-14 21:18:46 INFO    werkzeug: 127.0.0.1 - - [14/Jun/2026 21:18:46] "GET /api/logs?since=384 HTTP/1.1" 200 -
2026-06-14 21:18:46 INFO    werkzeug: 127.0.0.1 - - [14/Jun/2026 21:18:46] "GET /api/series HTTP/1.1" 200 -
2026-06-14 21:18:46 INFO    werkzeug: 127.0.0.1 - - [14/Jun/2026 21:18:46] "GET /api/events?n=120 HTTP/1.1" 200 -
2026-06-14 21:18:46 INFO    werkzeug: 127.0.0.1 - - [14/Jun/2026 21:18:46] "GET /api/insights HTTP/1.1" 200 -
2026-06-14 21:18:47 DEBUG   urllib3.connectionpool: https://gitlab.polenov.ru:443 "PUT /api/v4/projects/1/merge_requests/208/merge HTTP/1.1" 405 36
2026-06-14 21:18:47 DEBUG   urllib3.connectionpool: https://gitlab.polenov.ru:443 "PUT /api/v4/projects/1/merge_requests/208/merge HTTP/1.1" 405 36
2026-06-14 21:18:47 INFO    werkzeug: 127.0.0.1 - - [14/Jun/2026 21:18:47] "GET /api/logs?since=386 HTTP/1.1" 200 -
2026-06-14 21:18:47 DEBUG   urllib3.connectionpool: https://gitlab.polenov.ru:443 "PUT /api/v4/projects/1/merge_requests/208/merge HTTP/1.1" 405 36
2026-06-14 21:18:47 WARNING gitlab_client: merge_mr !208 failed: {"message":"405 Method Not Allowed"}
2026-06-14 21:18:48 DEBUG   urllib3.connectionpool: https://gitlab.polenov.ru:443 "PUT /api/v4/projects/1/merge_requests/208 HTTP/1.1" 200 None
2026-06-14 21:18:48 INFO    werkzeug: 127.0.0.1 - - [14/Jun/2026 21:18:48] "GET /api/status HTTP/1.1" 200 -
2026-06-14 21:18:48 DEBUG   urllib3.connectionpool: https://gitlab.polenov.ru:443 "PUT /api/v4/projects/1/merge_requests/207/merge HTTP/1.1" 405 36
2026-06-14 21:18:48 INFO    werkzeug: 127.0.0.1 - - [14/Jun/2026 21:18:48] "GET /api/logs?since=390 HTTP/1.1" 200 -
2026-06-14 21:18:48 INFO    werkzeug: 127.0.0.1 - - [14/Jun/2026 21:18:48] "GET /api/series HTTP/1.1" 200 -
2026-06-14 21:18:48 INFO    werkzeug: 127.0.0.1 - - [14/Jun/2026 21:18:48] "GET /api/events?n=120 HTTP/1.1" 200 -
2026-06-14 21:18:49 INFO    werkzeug: 127.0.0.1 - - [14/Jun/2026 21:18:49] "GET /api/logs?since=393 HTTP/1.1" 200 -
2026-06-14 21:18:49 INFO    werkzeug: 127.0.0.1 - - [14/Jun/2026 21:18:49] "GET /api/status HTTP/1.1" 200 -
2026-06-14 21:18:49 INFO    werkzeug: 127.0.0.1 - - [14/Jun/2026 21:18:49] "GET /api/insights HTTP/1.1" 200 -
2026-06-14 21:18:49 DEBUG   urllib3.connectionpool: https://gitlab.polenov.ru:443 "PUT /api/v4/projects/1/merge_requests/208/merge HTTP/1.1" 405 36
2026-06-14 21:18:49 WARNING gitlab_client: merge_mr !208 failed: {"message":"405 Method Not Allowed"}
2026-06-14 21:18:50 DEBUG   urllib3.connectionpool: https://gitlab.polenov.ru:443 "PUT /api/v4/projects/1/merge_requests/208 HTTP/1.1" 200 None
2026-06-14 21:18:50 DEBUG   urllib3.connectionpool: https://gitlab.polenov.ru:443 "GET /api/v4/projects/2/merge_requests?state=opened&per_page=50 HTTP/1.1" 200 2
2026-06-14 21:18:50 DEBUG   urllib3.connectionpool: https://gitlab.polenov.ru:443 "GET /api/v4/projects/3/merge_requests?state=opened&per_page=50 HTTP/1.1" 200 2
2026-06-14 21:18:50 DEBUG   urllib3.connectionpool: https://gitlab.polenov.ru:443 "GET /api/v4/projects/4/merge_requests?state=opened&per_page=50 HTTP/1.1" 200 2
2026-06-14 21:18:50 DEBUG   urllib3.connectionpool: https://gitlab.polenov.ru:443 "GET /api/v4/projects/5/merge_requests?state=opened&per_page=50 HTTP/1.1" 200 2
2026-06-14 21:18:50 DEBUG   urllib3.connectionpool: https://gitlab.polenov.ru:443 "GET /api/v4/projects/6/merge_requests?state=opened&per_page=50 HTTP/1.1" 200 2
2026-06-14 21:18:50 DEBUG   urllib3.connectionpool: https://gitlab.polenov.ru:443 "GET /api/v4/projects/7/merge_requests?state=opened&per_page=50 HTTP/1.1" 200 2
2026-06-14 21:18:50 DEBUG   urllib3.connectionpool: https://gitlab.polenov.ru:443 "GET /api/v4/projects/8/merge_requests?state=opened&per_page=50 HTTP/1.1" 200 2
2026-06-14 21:18:50 DEBUG   urllib3.connectionpool: https://gitlab.polenov.ru:443 "GET /api/v4/projects/9/merge_requests?state=opened&per_page=50 HTTP/1.1" 200 2
2026-06-14 21:18:50 DEBUG   urllib3.connectionpool: https://gitlab.polenov.ru:443 "PUT /api/v4/projects/1/merge_requests/207/merge HTTP/1.1" 405 36
2026-06-14 21:18:50 DEBUG   urllib3.connectionpool: https://gitlab.polenov.ru:443 "GET /api/v4/projects/10/merge_requests?state=opened&per_page=50 HTTP/1.1" 200 2
2026-06-14 21:18:50 DEBUG   urllib3.connectionpool: https://gitlab.polenov.ru:443 "GET /api/v4/projects/11/merge_requests?state=opened&per_page=50 HTTP/1.1" 200 2
2026-06-14 21:18:50 DEBUG   urllib3.connectionpool: https://gitlab.polenov.ru:443 "PUT /api/v4/projects/1/merge_requests/207/merge HTTP/1.1" 405 36
2026-06-14 21:18:50 DEBUG   urllib3.connectionpool: https://gitlab.polenov.ru:443 "GET /api/v4/projects/12/merge_requests?state=opened&per_page=50 HTTP/1.1" 200 2
2026-06-14 21:18:50 INFO    scheduler: [Scheduler] разгрузка очереди: смержено 0, закрыто 8 (просмотрено 8)
2026-06-14 21:18:50 INFO    werkzeug: 127.0.0.1 - - [14/Jun/2026 21:18:50] "GET /api/logs?since=396 HTTP/1.1" 200 -
2026-06-14 21:18:50 INFO    werkzeug: 127.0.0.1 - - [14/Jun/2026 21:18:50] "GET /api/series HTTP/1.1" 200 -
2026-06-14 21:18:50 INFO    werkzeug: 127.0.0.1 - - [14/Jun/2026 21:18:50] "GET /api/events?n=120 HTTP/1.1" 200 -
2026-06-14 21:18:51 INFO    werkzeug: 127.0.0.1 - - [14/Jun/2026 21:18:51] "GET /api/status HTTP/1.1" 200 -
2026-06-14 21:18:51 DEBUG   urllib3.connectionpool: https://gitlab.polenov.ru:443 "GET /api/v4/projects/1/merge_requests?state=opened&per_page=50 HTTP/1.1" 200 None
2026-06-14 21:18:51 DEBUG   urllib3.connectionpool: https://gitlab.polenov.ru:443 "GET /api/v4/projects/2/merge_requests?state=opened&per_page=50 HTTP/1.1" 200 2
2026-06-14 21:18:51 DEBUG   urllib3.connectionpool: https://gitlab.polenov.ru:443 "GET /api/v4/projects/3/merge_requests?state=opened&per_page=50 HTTP/1.1" 200 2
2026-06-14 21:18:51 INFO    werkzeug: 127.0.0.1 - - [14/Jun/2026 21:18:51] "GET /api/logs?since=401 HTTP/1.1" 200 -
2026-06-14 21:18:51 DEBUG   urllib3.connectionpool: https://gitlab.polenov.ru:443 "GET /api/v4/projects/4/merge_requests?state=opened&per_page=50 HTTP/1.1" 200 2
2026-06-14 21:18:51 DEBUG   urllib3.connectionpool: https://gitlab.polenov.ru:443 "GET /api/v4/projects/5/merge_requests?state=opened&per_page=50 HTTP/1.1" 200 2
2026-06-14 21:18:51 DEBUG   urllib3.connectionpool: https://gitlab.polenov.ru:443 "GET /api/v4/projects/6/merge_requests?state=opened&per_page=50 HTTP/1.1" 200 2
2026-06-14 21:18:51 DEBUG   urllib3.connectionpool: https://gitlab.polenov.ru:443 "GET /api/v4/projects/7/merge_requests?state=opened&per_page=50 HTTP/1.1" 200 2
2026-06-14 21:18:52 DEBUG   urllib3.connectionpool: https://gitlab.polenov.ru:443 "GET /api/v4/projects/8/merge_requests?state=opened&per_page=50 HTTP/1.1" 200 2
2026-06-14 21:18:52 DEBUG   urllib3.connectionpool: https://gitlab.polenov.ru:443 "GET /api/v4/projects/9/merge_requests?state=opened&per_page=50 HTTP/1.1" 200 2
2026-06-14 21:18:52 DEBUG   urllib3.connectionpool: https://gitlab.polenov.ru:443 "GET /api/v4/projects/10/merge_requests?state=opened&per_page=50 HTTP/1.1" 200 2
2026-06-14 21:18:52 DEBUG   urllib3.connectionpool: https://gitlab.polenov.ru:443 "GET /api/v4/projects/11/merge_requests?state=opened&per_page=50 HTTP/1.1" 200 2
2026-06-14 21:18:52 DEBUG   urllib3.connectionpool: https://gitlab.polenov.ru:443 "GET /api/v4/projects/12/merge_requests?state=opened&per_page=50 HTTP/1.1" 200 2
2026-06-14 21:18:52 DEBUG   urllib3.connectionpool: https://gitlab.polenov.ru:443 "GET /api/v4/projects/1/merge_requests?state=opened&per_page=50 HTTP/1.1" 200 None
2026-06-14 21:18:52 DEBUG   urllib3.connectionpool: https://gitlab.polenov.ru:443 "PUT /api/v4/projects/1/merge_requests/207/merge HTTP/1.1" 405 36
2026-06-14 21:18:52 DEBUG   urllib3.connectionpool: https://gitlab.polenov.ru:443 "PUT /api/v4/projects/1/merge_requests/207/merge HTTP/1.1" 405 36
2026-06-14 21:18:52 WARNING gitlab_client: merge_mr !207 failed: {"message":"405 Method Not Allowed"}
2026-06-14 21:18:52 INFO    werkzeug: 127.0.0.1 - - [14/Jun/2026 21:18:52] "GET /api/status HTTP/1.1" 200 -
2026-06-14 21:18:52 INFO    werkzeug: 127.0.0.1 - - [14/Jun/2026 21:18:52] "GET /api/logs?since=405 HTTP/1.1" 200 -
2026-06-14 21:18:52 INFO    werkzeug: 127.0.0.1 - - [14/Jun/2026 21:18:52] "GET /api/series HTTP/1.1" 200 -
2026-06-14 21:18:52 INFO    werkzeug: 127.0.0.1 - - [14/Jun/2026 21:18:52] "GET /api/events?n=120 HTTP/1.1" 200 -
2026-06-14 21:18:52 INFO    werkzeug: 127.0.0.1 - - [14/Jun/2026 21:18:52] "GET /api/insights HTTP/1.1" 200 -
2026-06-14 21:18:53 DEBUG   urllib3.connectionpool: https://gitlab.polenov.ru:443 "PUT /api/v4/projects/1/merge_requests/207 HTTP/1.1" 200 None
2026-06-14 21:18:53 DEBUG   urllib3.connectionpool: https://gitlab.polenov.ru:443 "PUT /api/v4/projects/1/merge_requests/206/merge HTTP/1.1" 405 36
2026-06-14 21:18:53 INFO    werkzeug: 127.0.0.1 - - [14/Jun/2026 21:18:53] "GET /api/logs?since=408 HTTP/1.1" 200 -
2026-06-14 21:18:54 INFO    werkzeug: 127.0.0.1 - - [14/Jun/2026 21:18:54] "GET /api/status HTTP/1.1" 200 -
2026-06-14 21:18:54 DEBUG   urllib3.connectionpool: https://gitlab.polenov.ru:443 "PUT /api/v4/projects/1/merge_requests/207/merge HTTP/1.1" 405 36
2026-06-14 21:18:54 DEBUG   urllib3.connectionpool: https://gitlab.polenov.ru:443 "PUT /api/v4/projects/1/merge_requests/207/merge HTTP/1.1" 405 36
2026-06-14 21:18:54 INFO    werkzeug: 127.0.0.1 - - [14/Jun/2026 21:18:54] "GET /api/logs?since=412 HTTP/1.1" 200 -
2026-06-14 21:18:54 INFO    werkzeug: 127.0.0.1 - - [14/Jun/2026 21:18:54] "GET /api/series HTTP/1.1" 200 -
2026-06-14 21:18:54 INFO    werkzeug: 127.0.0.1 - - [14/Jun/2026 21:18:54] "GET /api/events?n=120 HTTP/1.1" 200 -
2026-06-14 21:18:55 DEBUG   urllib3.connectionpool: https://gitlab.polenov.ru:443 "PUT /api/v4/projects/1/merge_requests/206/merge HTTP/1.1" 405 36
2026-06-14 21:18:55 DEBUG   urllib3.connectionpool: https://gitlab.polenov.ru:443 "PUT /api/v4/projects/1/merge_requests/206/merge HTTP/1.1" 405 36
2026-06-14 21:18:55 INFO    werkzeug: 127.0.0.1 - - [14/Jun/2026 21:18:55] "GET /api/status HTTP/1.1" 200 -
2026-06-14 21:18:55 INFO    werkzeug: 127.0.0.1 - - [14/Jun/2026 21:18:55] "GET /api/logs?since=414 HTTP/1.1" 200 -
2026-06-14 21:18:55 INFO    werkzeug: 127.0.0.1 - - [14/Jun/2026 21:18:55] "GET /api/insights HTTP/1.1" 200 -
2026-06-14 21:18:56 DEBUG   urllib3.connectionpool: https://gitlab.polenov.ru:443 "PUT /api/v4/projects/1/merge_requests/207/merge HTTP/1.1" 405 36
2026-06-14 21:18:56 WARNING gitlab_client: merge_mr !207 failed: {"message":"405 Method Not Allowed"}
2026-06-14 21:18:56 DEBUG   urllib3.connectionpool: https://gitlab.polenov.ru:443 "PUT /api/v4/projects/1/merge_requests/207 HTTP/1.1" 200 None
2026-06-14 21:18:56 DEBUG   urllib3.connectionpool: https://gitlab.polenov.ru:443 "PUT /api/v4/projects/1/merge_requests/206/merge HTTP/1.1" 405 36
2026-06-14 21:18:56 INFO    werkzeug: 127.0.0.1 - - [14/Jun/2026 21:18:56] "GET /api/logs?since=418 HTTP/1.1" 200 -
2026-06-14 21:18:56 INFO    werkzeug: 127.0.0.1 - - [14/Jun/2026 21:18:56] "GET /api/series HTTP/1.1" 200 -
2026-06-14 21:18:56 INFO    werkzeug: 127.0.0.1 - - [14/Jun/2026 21:18:56] "GET /api/events?n=120 HTTP/1.1" 200 -
2026-06-14 21:18:57 INFO    werkzeug: 127.0.0.1 - - [14/Jun/2026 21:18:57] "GET /api/status HTTP/1.1" 200 -
2026-06-14 21:18:57 DEBUG   urllib3.connectionpool: https://gitlab.polenov.ru:443 "PUT /api/v4/projects/1/merge_requests/206/merge HTTP/1.1" 405 36
2026-06-14 21:18:57 WARNING gitlab_client: merge_mr !206 failed: {"message":"405 Method Not Allowed"}
2026-06-14 21:18:57 DEBUG   urllib3.connectionpool: https://gitlab.polenov.ru:443 "PUT /api/v4/projects/1/merge_requests/206 HTTP/1.1" 200 None
2026-06-14 21:18:57 INFO    werkzeug: 127.0.0.1 - - [14/Jun/2026 21:18:57] "GET /api/logs?since=421 HTTP/1.1" 200 -
2026-06-14 21:18:58 DEBUG   urllib3.connectionpool: https://gitlab.polenov.ru:443 "PUT /api/v4/projects/1/merge_requests/206/merge HTTP/1.1" 405 36
2026-06-14 21:18:58 INFO    werkzeug: 127.0.0.1 - - [14/Jun/2026 21:18:58] "GET /api/status HTTP/1.1" 200 -
2026-06-14 21:18:58 INFO    werkzeug: 127.0.0.1 - - [14/Jun/2026 21:18:58] "GET /api/logs?since=426 HTTP/1.1" 200 -
2026-06-14 21:18:58 INFO    werkzeug: 127.0.0.1 - - [14/Jun/2026 21:18:58] "GET /api/series HTTP/1.1" 200 -
2026-06-14 21:18:58 INFO    werkzeug: 127.0.0.1 - - [14/Jun/2026 21:18:58] "GET /api/events?n=120 HTTP/1.1" 200 -
2026-06-14 21:18:58 INFO    werkzeug: 127.0.0.1 - - [14/Jun/2026 21:18:58] "GET /api/insights HTTP/1.1" 200 -
2026-06-14 21:18:58 DEBUG   urllib3.connectionpool: https://gitlab.polenov.ru:443 "PUT /api/v4/projects/1/merge_requests/206/merge HTTP/1.1" 405 36
2026-06-14 21:18:58 DEBUG   urllib3.connectionpool: https://gitlab.polenov.ru:443 "PUT /api/v4/projects/1/merge_requests/205/merge HTTP/1.1" 200 None
2026-06-14 21:18:58 INFO    agents.base: [alex.petrov] merged MR !205
2026-06-14 21:18:59 DEBUG   urllib3.connectionpool: https://gitlab.polenov.ru:443 "PUT /api/v4/projects/1/merge_requests/204/merge HTTP/1.1" 405 36
2026-06-14 21:18:59 INFO    werkzeug: 127.0.0.1 - - [14/Jun/2026 21:18:59] "GET /api/logs?since=428 HTTP/1.1" 200 -
2026-06-14 21:19:00 INFO    werkzeug: 127.0.0.1 - - [14/Jun/2026 21:19:00] "GET /api/status HTTP/1.1" 200 -
2026-06-14 21:19:00 INFO    werkzeug: 127.0.0.1 - - [14/Jun/2026 21:19:00] "GET /api/logs?since=433 HTTP/1.1" 200 -
2026-06-14 21:19:00 INFO    werkzeug: 127.0.0.1 - - [14/Jun/2026 21:19:00] "GET /api/series HTTP/1.1" 200 -
2026-06-14 21:19:00 INFO    werkzeug: 127.0.0.1 - - [14/Jun/2026 21:19:00] "GET /api/events?n=120 HTTP/1.1" 200 -
2026-06-14 21:19:00 DEBUG   urllib3.connectionpool: https://gitlab.polenov.ru:443 "PUT /api/v4/projects/1/merge_requests/206/merge HTTP/1.1" 405 36
2026-06-14 21:19:00 WARNING gitlab_client: merge_mr !206 failed: {"message":"405 Method Not Allowed"}
2026-06-14 21:19:01 DEBUG   urllib3.connectionpool: https://gitlab.polenov.ru:443 "PUT /api/v4/projects/1/merge_requests/206 HTTP/1.1" 200 None
2026-06-14 21:19:01 DEBUG   urllib3.connectionpool: https://gitlab.polenov.ru:443 "PUT /api/v4/projects/1/merge_requests/205/merge HTTP/1.1" 405 36
2026-06-14 21:19:01 DEBUG   urllib3.connectionpool: https://gitlab.polenov.ru:443 "PUT /api/v4/projects/1/merge_requests/204/merge HTTP/1.1" 405 36
2026-06-14 21:19:01 DEBUG   urllib3.connectionpool: https://gitlab.polenov.ru:443 "PUT /api/v4/projects/1/merge_requests/204/merge HTTP/1.1" 405 36
2026-06-14 21:19:01 INFO    werkzeug: 127.0.0.1 - - [14/Jun/2026 21:19:01] "GET /api/logs?since=435 HTTP/1.1" 200 -
2026-06-14 21:19:01 INFO    werkzeug: 127.0.0.1 - - [14/Jun/2026 21:19:01] "GET /api/insights HTTP/1.1" 200 -
2026-06-14 21:19:01 DEBUG   urllib3.connectionpool: https://gitlab.polenov.ru:443 "GET /api/v4/version HTTP/1.1" 200 246
2026-06-14 21:19:01 INFO    werkzeug: 127.0.0.1 - - [14/Jun/2026 21:19:01] "GET /api/status HTTP/1.1" 200 -
2026-06-14 21:19:02 INFO    werkzeug: 127.0.0.1 - - [14/Jun/2026 21:19:02] "GET /api/logs?since=439 HTTP/1.1" 200 -
2026-06-14 21:19:02 INFO    werkzeug: 127.0.0.1 - - [14/Jun/2026 21:19:02] "GET /api/series HTTP/1.1" 200 -
2026-06-14 21:19:02 INFO    werkzeug: 127.0.0.1 - - [14/Jun/2026 21:19:02] "GET /api/events?n=120 HTTP/1.1" 200 -
2026-06-14 21:19:03 INFO    werkzeug: 127.0.0.1 - - [14/Jun/2026 21:19:03] "GET /api/status HTTP/1.1" 200 -
2026-06-14 21:19:03 DEBUG   urllib3.connectionpool: https://gitlab.polenov.ru:443 "PUT /api/v4/projects/1/merge_requests/205/merge HTTP/1.1" 405 36
2026-06-14 21:19:03 DEBUG   urllib3.connectionpool: https://gitlab.polenov.ru:443 "PUT /api/v4/projects/1/merge_requests/205/merge HTTP/1.1" 405 36
2026-06-14 21:19:03 DEBUG   urllib3.connectionpool: https://gitlab.polenov.ru:443 "PUT /api/v4/projects/1/merge_requests/204/merge HTTP/1.1" 405 36
2026-06-14 21:19:03 WARNING gitlab_client: merge_mr !204 failed: {"message":"405 Method Not Allowed"}
2026-06-14 21:19:03 INFO    werkzeug: 127.0.0.1 - - [14/Jun/2026 21:19:03] "GET /api/logs?since=442 HTTP/1.1" 200 -
2026-06-14 21:19:03 DEBUG   urllib3.connectionpool: https://gitlab.polenov.ru:443 "PUT /api/v4/projects/1/merge_requests/204 HTTP/1.1" 200 None
2026-06-14 21:19:04 DEBUG   urllib3.connectionpool: https://gitlab.polenov.ru:443 "PUT /api/v4/projects/1/merge_requests/203/merge HTTP/1.1" 405 36
2026-06-14 21:19:04 INFO    werkzeug: 127.0.0.1 - - [14/Jun/2026 21:19:04] "GET /api/logs?since=447 HTTP/1.1" 200 -
2026-06-14 21:19:04 INFO    werkzeug: 127.0.0.1 - - [14/Jun/2026 21:19:04] "GET /api/status HTTP/1.1" 200 -
2026-06-14 21:19:04 INFO    werkzeug: 127.0.0.1 - - [14/Jun/2026 21:19:04] "GET /api/series HTTP/1.1" 200 -
2026-06-14 21:19:04 INFO    werkzeug: 127.0.0.1 - - [14/Jun/2026 21:19:04] "GET /api/events?n=120 HTTP/1.1" 200 -
2026-06-14 21:19:04 INFO    werkzeug: 127.0.0.1 - - [14/Jun/2026 21:19:04] "GET /api/insights HTTP/1.1" 200 -
2026-06-14 21:19:05 DEBUG   urllib3.connectionpool: https://gitlab.polenov.ru:443 "PUT /api/v4/projects/1/merge_requests/205/merge HTTP/1.1" 405 36
2026-06-14 21:19:05 WARNING gitlab_client: merge_mr !205 failed: {"message":"405 Method Not Allowed"}
2026-06-14 21:19:05 INFO    werkzeug: 127.0.0.1 - - [14/Jun/2026 21:19:05] "GET /api/logs?since=448 HTTP/1.1" 200 -
2026-06-14 21:19:05 DEBUG   urllib3.connectionpool: https://gitlab.polenov.ru:443 "PUT /api/v4/projects/1/merge_requests/205 HTTP/1.1" 200 None
2026-06-14 21:19:05 DEBUG   urllib3.connectionpool: https://gitlab.polenov.ru:443 "PUT /api/v4/projects/1/merge_requests/204/merge HTTP/1.1" 405 36
2026-06-14 21:19:06 DEBUG   urllib3.connectionpool: https://gitlab.polenov.ru:443 "PUT /api/v4/projects/1/merge_requests/203/merge HTTP/1.1" 405 36
2026-06-14 21:19:06 DEBUG   urllib3.connectionpool: https://gitlab.polenov.ru:443 "PUT /api/v4/projects/1/merge_requests/203/merge HTTP/1.1" 405 36
2026-06-14 21:19:06 INFO    werkzeug: 127.0.0.1 - - [14/Jun/2026 21:19:06] "GET /api/status HTTP/1.1" 200 -
2026-06-14 21:19:06 INFO    werkzeug: 127.0.0.1 - - [14/Jun/2026 21:19:06] "GET /api/logs?since=454 HTTP/1.1" 200 -
2026-06-14 21:19:06 INFO    werkzeug: 127.0.0.1 - - [14/Jun/2026 21:19:06] "GET /api/series HTTP/1.1" 200 -
2026-06-14 21:19:06 INFO    werkzeug: 127.0.0.1 - - [14/Jun/2026 21:19:06] "GET /api/events?n=120 HTTP/1.1" 200 -
2026-06-14 21:19:07 INFO    werkzeug: 127.0.0.1 - - [14/Jun/2026 21:19:07] "GET /api/logs?since=456 HTTP/1.1" 200 -
2026-06-14 21:19:07 INFO    werkzeug: 127.0.0.1 - - [14/Jun/2026 21:19:07] "GET /api/status HTTP/1.1" 200 -
2026-06-14 21:19:07 INFO    werkzeug: 127.0.0.1 - - [14/Jun/2026 21:19:07] "GET /api/insights HTTP/1.1" 200 -
2026-06-14 21:19:08 DEBUG   urllib3.connectionpool: https://gitlab.polenov.ru:443 "PUT /api/v4/projects/1/merge_requests/204/merge HTTP/1.1" 405 36
2026-06-14 21:19:08 DEBUG   urllib3.connectionpool: https://gitlab.polenov.ru:443 "PUT /api/v4/projects/1/merge_requests/204/merge HTTP/1.1" 405 36
2026-06-14 21:19:08 DEBUG   urllib3.connectionpool: https://gitlab.polenov.ru:443 "PUT /api/v4/projects/1/merge_requests/203/merge HTTP/1.1" 405 36
2026-06-14 21:19:08 WARNING gitlab_client: merge_mr !203 failed: {"message":"405 Method Not Allowed"}
2026-06-14 21:19:08 INFO    werkzeug: 127.0.0.1 - - [14/Jun/2026 21:19:08] "GET /api/logs?since=459 HTTP/1.1" 200 -
2026-06-14 21:19:08 INFO    werkzeug: 127.0.0.1 - - [14/Jun/2026 21:19:08] "GET /api/series HTTP/1.1" 200 -
2026-06-14 21:19:08 INFO    werkzeug: 127.0.0.1 - - [14/Jun/2026 21:19:08] "GET /api/events?n=120 HTTP/1.1" 200 -
2026-06-14 21:19:09 DEBUG   urllib3.connectionpool: https://gitlab.polenov.ru:443 "PUT /api/v4/projects/1/merge_requests/203 HTTP/1.1" 200 None
2026-06-14 21:19:09 DEBUG   urllib3.connectionpool: https://gitlab.polenov.ru:443 "PUT /api/v4/projects/1/merge_requests/202/merge HTTP/1.1" 405 36
2026-06-14 21:19:09 INFO    werkzeug: 127.0.0.1 - - [14/Jun/2026 21:19:09] "GET /api/status HTTP/1.1" 200 -
2026-06-14 21:19:09 INFO    werkzeug: 127.0.0.1 - - [14/Jun/2026 21:19:09] "GET /api/logs?since=463 HTTP/1.1" 200 -
2026-06-14 21:19:10 DEBUG   urllib3.connectionpool: https://gitlab.polenov.ru:443 "PUT /api/v4/projects/1/merge_requests/204/merge HTTP/1.1" 405 36
2026-06-14 21:19:10 WARNING gitlab_client: merge_mr !204 failed: {"message":"405 Method Not Allowed"}
2026-06-14 21:19:10 DEBUG   urllib3.connectionpool: https://gitlab.polenov.ru:443 "PUT /api/v4/projects/1/merge_requests/204 HTTP/1.1" 200 None
2026-06-14 21:19:10 DEBUG   urllib3.connectionpool: https://gitlab.polenov.ru:443 "PUT /api/v4/projects/1/merge_requests/203/merge HTTP/1.1" 405 36
2026-06-14 21:19:10 INFO    werkzeug: 127.0.0.1 - - [14/Jun/2026 21:19:10] "GET /api/status HTTP/1.1" 200 -
2026-06-14 21:19:10 INFO    werkzeug: 127.0.0.1 - - [14/Jun/2026 21:19:10] "GET /api/logs?since=467 HTTP/1.1" 200 -
2026-06-14 21:19:10 INFO    werkzeug: 127.0.0.1 - - [14/Jun/2026 21:19:10] "GET /api/series HTTP/1.1" 200 -
2026-06-14 21:19:10 INFO    werkzeug: 127.0.0.1 - - [14/Jun/2026 21:19:10] "GET /api/events?n=120 HTTP/1.1" 200 -
2026-06-14 21:19:10 INFO    werkzeug: 127.0.0.1 - - [14/Jun/2026 21:19:10] "GET /api/insights HTTP/1.1" 200 -
2026-06-14 21:19:11 DEBUG   urllib3.connectionpool: https://gitlab.polenov.ru:443 "PUT /api/v4/projects/1/merge_requests/202/merge HTTP/1.1" 405 36
2026-06-14 21:19:11 DEBUG   urllib3.connectionpool: https://gitlab.polenov.ru:443 "PUT /api/v4/projects/1/merge_requests/202/merge HTTP/1.1" 405 36
2026-06-14 21:19:11 INFO    werkzeug: 127.0.0.1 - - [14/Jun/2026 21:19:11] "GET /api/logs?since=470 HTTP/1.1" 200 -
2026-06-14 21:19:12 INFO    werkzeug: 127.0.0.1 - - [14/Jun/2026 21:19:12] "GET /api/status HTTP/1.1" 200 -
2026-06-14 21:19:12 DEBUG   urllib3.connectionpool: https://gitlab.polenov.ru:443 "PUT /api/v4/projects/1/merge_requests/203/merge HTTP/1.1" 405 36
2026-06-14 21:19:12 DEBUG   urllib3.connectionpool: https://gitlab.polenov.ru:443 "PUT /api/v4/projects/1/merge_requests/203/merge HTTP/1.1" 405 36
2026-06-14 21:19:12 INFO    werkzeug: 127.0.0.1 - - [14/Jun/2026 21:19:12] "GET /api/logs?since=474 HTTP/1.1" 200 -
2026-06-14 21:19:12 INFO    werkzeug: 127.0.0.1 - - [14/Jun/2026 21:19:12] "GET /api/series HTTP/1.1" 200 -
2026-06-14 21:19:12 INFO    werkzeug: 127.0.0.1 - - [14/Jun/2026 21:19:12] "GET /api/events?n=120 HTTP/1.1" 200 -
2026-06-14 21:19:13 DEBUG   urllib3.connectionpool: https://gitlab.polenov.ru:443 "PUT /api/v4/projects/1/merge_requests/202/merge HTTP/1.1" 405 36
2026-06-14 21:19:13 WARNING gitlab_client: merge_mr !202 failed: {"message":"405 Method Not Allowed"}
2026-06-14 21:19:13 DEBUG   urllib3.connectionpool: https://gitlab.polenov.ru:443 "PUT /api/v4/projects/1/merge_requests/202 HTTP/1.1" 200 None
2026-06-14 21:19:13 INFO    werkzeug: 127.0.0.1 - - [14/Jun/2026 21:19:13] "GET /api/status HTTP/1.1" 200 -
2026-06-14 21:19:13 INFO    werkzeug: 127.0.0.1 - - [14/Jun/2026 21:19:13] "GET /api/logs?since=476 HTTP/1.1" 200 -
2026-06-14 21:19:13 INFO    werkzeug: 127.0.0.1 - - [14/Jun/2026 21:19:13] "GET /api/insights HTTP/1.1" 200 -
2026-06-14 21:19:14 DEBUG   urllib3.connectionpool: https://gitlab.polenov.ru:443 "PUT /api/v4/projects/1/merge_requests/203/merge HTTP/1.1" 405 36
2026-06-14 21:19:14 WARNING gitlab_client: merge_mr !203 failed: {"message":"405 Method Not Allowed"}
2026-06-14 21:19:14 INFO    werkzeug: 127.0.0.1 - - [14/Jun/2026 21:19:14] "GET /api/logs?since=481 HTTP/1.1" 200 -
2026-06-14 21:19:14 INFO    werkzeug: 127.0.0.1 - - [14/Jun/2026 21:19:14] "GET /api/series HTTP/1.1" 200 -
2026-06-14 21:19:14 INFO    werkzeug: 127.0.0.1 - - [14/Jun/2026 21:19:14] "GET /api/events?n=120 HTTP/1.1" 200 -
2026-06-14 21:19:15 DEBUG   urllib3.connectionpool: https://gitlab.polenov.ru:443 "PUT /api/v4/projects/1/merge_requests/201/merge HTTP/1.1" 200 None
2026-06-14 21:19:15 INFO    agents.base: [alex.petrov] merged MR !201
2026-06-14 21:19:15 DEBUG   urllib3.connectionpool: https://gitlab.polenov.ru:443 "GET /api/v4/projects/2/merge_requests?state=opened&per_page=50 HTTP/1.1" 200 2
2026-06-14 21:19:15 DEBUG   urllib3.connectionpool: https://gitlab.polenov.ru:443 "PUT /api/v4/projects/1/merge_requests/203 HTTP/1.1" 200 None
2026-06-14 21:19:15 DEBUG   urllib3.connectionpool: https://gitlab.polenov.ru:443 "GET /api/v4/projects/3/merge_requests?state=opened&per_page=50 HTTP/1.1" 200 2
2026-06-14 21:19:15 DEBUG   urllib3.connectionpool: https://gitlab.polenov.ru:443 "PUT /api/v4/projects/1/merge_requests/202/merge HTTP/1.1" 405 36
2026-06-14 21:19:15 DEBUG   urllib3.connectionpool: https://gitlab.polenov.ru:443 "GET /api/v4/projects/4/merge_requests?state=opened&per_page=50 HTTP/1.1" 200 2
2026-06-14 21:19:15 DEBUG   urllib3.connectionpool: https://gitlab.polenov.ru:443 "GET /api/v4/projects/5/merge_requests?state=opened&per_page=50 HTTP/1.1" 200 2
2026-06-14 21:19:15 DEBUG   urllib3.connectionpool: https://gitlab.polenov.ru:443 "GET /api/v4/projects/6/merge_requests?state=opened&per_page=50 HTTP/1.1" 200 2
2026-06-14 21:19:15 INFO    werkzeug: 127.0.0.1 - - [14/Jun/2026 21:19:15] "GET /api/status HTTP/1.1" 200 -
2026-06-14 21:19:15 DEBUG   urllib3.connectionpool: https://gitlab.polenov.ru:443 "GET /api/v4/projects/7/merge_requests?state=opened&per_page=50 HTTP/1.1" 200 2
2026-06-14 21:19:15 DEBUG   urllib3.connectionpool: https://gitlab.polenov.ru:443 "GET /api/v4/projects/8/merge_requests?state=opened&per_page=50 HTTP/1.1" 200 2
2026-06-14 21:19:15 DEBUG   urllib3.connectionpool: https://gitlab.polenov.ru:443 "GET /api/v4/projects/9/merge_requests?state=opened&per_page=50 HTTP/1.1" 200 2
2026-06-14 21:19:15 DEBUG   urllib3.connectionpool: https://gitlab.polenov.ru:443 "GET /api/v4/projects/10/merge_requests?state=opened&per_page=50 HTTP/1.1" 200 2
2026-06-14 21:19:15 DEBUG   urllib3.connectionpool: https://gitlab.polenov.ru:443 "GET /api/v4/projects/11/merge_requests?state=opened&per_page=50 HTTP/1.1" 200 2
2026-06-14 21:19:15 DEBUG   urllib3.connectionpool: https://gitlab.polenov.ru:443 "GET /api/v4/projects/12/merge_requests?state=opened&per_page=50 HTTP/1.1" 200 2
2026-06-14 21:19:15 INFO    scheduler: [Scheduler] разгрузка очереди: смержено 2, закрыто 6 (просмотрено 8)
2026-06-14 21:19:15 INFO    werkzeug: 127.0.0.1 - - [14/Jun/2026 21:19:15] "GET /api/logs?since=484 HTTP/1.1" 200 -
2026-06-14 21:19:16 INFO    werkzeug: 127.0.0.1 - - [14/Jun/2026 21:19:16] "GET /api/status HTTP/1.1" 200 -
2026-06-14 21:19:16 INFO    werkzeug: 127.0.0.1 - - [14/Jun/2026 21:19:16] "GET /api/logs?since=490 HTTP/1.1" 200 -
2026-06-14 21:19:16 INFO    werkzeug: 127.0.0.1 - - [14/Jun/2026 21:19:16] "GET /api/series HTTP/1.1" 200 -
2026-06-14 21:19:16 INFO    werkzeug: 127.0.0.1 - - [14/Jun/2026 21:19:16] "GET /api/events?n=120 HTTP/1.1" 200 -
2026-06-14 21:19:16 INFO    werkzeug: 127.0.0.1 - - [14/Jun/2026 21:19:16] "GET /api/insights HTTP/1.1" 200 -
2026-06-14 21:19:16 INFO    scheduler: [rhythm] обед (~45 мин sim)
2026-06-14 21:19:17 DEBUG   urllib3.connectionpool: https://gitlab.polenov.ru:443 "PUT /api/v4/projects/1/merge_requests/202/merge HTTP/1.1" 405 36
2026-06-14 21:19:17 DEBUG   urllib3.connectionpool: https://gitlab.polenov.ru:443 "PUT /api/v4/projects/1/merge_requests/202/merge HTTP/1.1" 405 36
2026-06-14 21:19:17 INFO    werkzeug: 127.0.0.1 - - [14/Jun/2026 21:19:17] "GET /api/logs?since=492 HTTP/1.1" 200 -
2026-06-14 21:19:18 INFO    werkzeug: 127.0.0.1 - - [14/Jun/2026 21:19:18] "GET /api/status HTTP/1.1" 200 -
2026-06-14 21:19:18 INFO    werkzeug: 127.0.0.1 - - [14/Jun/2026 21:19:18] "GET /api/logs?since=497 HTTP/1.1" 200 -
2026-06-14 21:19:18 INFO    werkzeug: 127.0.0.1 - - [14/Jun/2026 21:19:18] "GET /api/series HTTP/1.1" 200 -
2026-06-14 21:19:18 INFO    werkzeug: 127.0.0.1 - - [14/Jun/2026 21:19:18] "GET /api/events?n=120 HTTP/1.1" 200 -
2026-06-14 21:19:19 DEBUG   urllib3.connectionpool: https://gitlab.polenov.ru:443 "PUT /api/v4/projects/1/merge_requests/202/merge HTTP/1.1" 405 36
2026-06-14 21:19:19 WARNING gitlab_client: merge_mr !202 failed: {"message":"405 Method Not Allowed"}
2026-06-14 21:19:19 DEBUG   urllib3.connectionpool: https://gitlab.polenov.ru:443 "PUT /api/v4/projects/1/merge_requests/202 HTTP/1.1" 200 None
2026-06-14 21:19:19 DEBUG   urllib3.connectionpool: https://gitlab.polenov.ru:443 "PUT /api/v4/projects/1/merge_requests/201/merge HTTP/1.1" 405 36
2026-06-14 21:19:19 INFO    werkzeug: 127.0.0.1 - - [14/Jun/2026 21:19:19] "GET /api/logs?since=499 HTTP/1.1" 200 -
2026-06-14 21:19:19 INFO    werkzeug: 127.0.0.1 - - [14/Jun/2026 21:19:19] "GET /api/status HTTP/1.1" 200 -
2026-06-14 21:19:19 INFO    werkzeug: 127.0.0.1 - - [14/Jun/2026 21:19:19] "GET /api/insights HTTP/1.1" 200 -
2026-06-14 21:19:20 INFO    werkzeug: 127.0.0.1 - - [14/Jun/2026 21:19:20] "GET /api/logs?since=503 HTTP/1.1" 200 -
2026-06-14 21:19:20 INFO    werkzeug: 127.0.0.1 - - [14/Jun/2026 21:19:20] "GET /api/series HTTP/1.1" 200 -
2026-06-14 21:19:20 INFO    werkzeug: 127.0.0.1 - - [14/Jun/2026 21:19:20] "GET /api/events?n=120 HTTP/1.1" 200 -
2026-06-14 21:19:21 INFO    werkzeug: 127.0.0.1 - - [14/Jun/2026 21:19:21] "GET /api/status HTTP/1.1" 200 -
2026-06-14 21:19:21 DEBUG   urllib3.connectionpool: https://gitlab.polenov.ru:443 "PUT /api/v4/projects/1/merge_requests/201/merge HTTP/1.1" 405 36
2026-06-14 21:19:21 INFO    werkzeug: 127.0.0.1 - - [14/Jun/2026 21:19:21] "GET /api/logs?since=506 HTTP/1.1" 200 -
2026-06-14 21:19:21 DEBUG   urllib3.connectionpool: https://gitlab.polenov.ru:443 "PUT /api/v4/projects/1/merge_requests/201/merge HTTP/1.1" 405 36
2026-06-14 21:19:22 INFO    werkzeug: 127.0.0.1 - - [14/Jun/2026 21:19:22] "GET /api/logs?since=510 HTTP/1.1" 200 -
2026-06-14 21:19:22 INFO    werkzeug: 127.0.0.1 - - [14/Jun/2026 21:19:22] "GET /api/series HTTP/1.1" 200 -
2026-06-14 21:19:22 INFO    werkzeug: 127.0.0.1 - - [14/Jun/2026 21:19:22] "GET /api/events?n=120 HTTP/1.1" 200 -
2026-06-14 21:19:22 INFO    werkzeug: 127.0.0.1 - - [14/Jun/2026 21:19:22] "GET /api/insights HTTP/1.1" 200 -
2026-06-14 21:19:22 DEBUG   urllib3.connectionpool: https://gitlab.polenov.ru:443 "GET /api/v4/version HTTP/1.1" 200 246
2026-06-14 21:19:22 INFO    werkzeug: 127.0.0.1 - - [14/Jun/2026 21:19:22] "GET /api/status HTTP/1.1" 200 -
2026-06-14 21:19:23 INFO    werkzeug: 127.0.0.1 - - [14/Jun/2026 21:19:23] "GET /api/logs?since=511 HTTP/1.1" 200 -
2026-06-14 21:19:23 INFO    werkzeug: 127.0.0.1 - - [14/Jun/2026 21:19:23] "GET /api/status HTTP/1.1" 200 -
2026-06-14 21:19:23 INFO    werkzeug: 127.0.0.1 - - [14/Jun/2026 21:19:23] "GET /api/logs?since=1879 HTTP/1.1" 200 -
2026-06-14 21:19:23 INFO    werkzeug: 127.0.0.1 - - [14/Jun/2026 21:19:23] "GET /api/series HTTP/1.1" 200 -
2026-06-14 21:19:23 INFO    werkzeug: 127.0.0.1 - - [14/Jun/2026 21:19:23] "GET /api/events?n=120 HTTP/1.1" 200 -
2026-06-14 21:19:23 INFO    werkzeug: 127.0.0.1 - - [14/Jun/2026 21:19:23] "GET /api/logs?since=1773 HTTP/1.1" 200 -
2026-06-14 21:19:23 INFO    werkzeug: 127.0.0.1 - - [14/Jun/2026 21:19:23] "GET /api/status HTTP/1.1" 200 -
2026-06-14 21:19:23 INFO    werkzeug: 127.0.0.1 - - [14/Jun/2026 21:19:23] "GET /api/series HTTP/1.1" 200 -
2026-06-14 21:19:23 INFO    werkzeug: 127.0.0.1 - - [14/Jun/2026 21:19:23] "GET /api/events?n=120 HTTP/1.1" 200 -
2026-06-14 21:19:23 DEBUG   urllib3.connectionpool: https://gitlab.polenov.ru:443 "PUT /api/v4/projects/1/merge_requests/201/merge HTTP/1.1" 405 36
2026-06-14 21:19:23 WARNING gitlab_client: merge_mr !201 failed: {"message":"405 Method Not Allowed"}
2026-06-14 21:19:24 DEBUG   urllib3.connectionpool: https://gitlab.polenov.ru:443 "PUT /api/v4/projects/1/merge_requests/201 HTTP/1.1" 200 None
2026-06-14 21:19:24 INFO    werkzeug: 127.0.0.1 - - [14/Jun/2026 21:19:24] "GET /api/status HTTP/1.1" 200 -
2026-06-14 21:19:24 DEBUG   urllib3.connectionpool: https://gitlab.polenov.ru:443 "PUT /api/v4/projects/1/merge_requests/200/merge HTTP/1.1" 405 36
2026-06-14 21:19:24 INFO    werkzeug: 127.0.0.1 - - [14/Jun/2026 21:19:24] "GET /api/logs?since=516 HTTP/1.1" 200 -
2026-06-14 21:19:24 INFO    werkzeug: 127.0.0.1 - - [14/Jun/2026 21:19:24] "GET /api/series HTTP/1.1" 200 -
2026-06-14 21:19:24 INFO    werkzeug: 127.0.0.1 - - [14/Jun/2026 21:19:24] "GET /api/events?n=120 HTTP/1.1" 200 -
2026-06-14 21:19:25 DEBUG   urllib3.connectionpool: https://gitlab.polenov.ru:443 "GET /api/v4/projects/1/merge_requests?state=opened&per_page=50 HTTP/1.1" 200 None
2026-06-14 21:19:25 DEBUG   urllib3.connectionpool: https://gitlab.polenov.ru:443 "GET /api/v4/projects/2/merge_requests?state=opened&per_page=50 HTTP/1.1" 200 2
2026-06-14 21:19:25 DEBUG   urllib3.connectionpool: https://gitlab.polenov.ru:443 "GET /api/v4/projects/3/merge_requests?state=opened&per_page=50 HTTP/1.1" 200 2
2026-06-14 21:19:25 DEBUG   urllib3.connectionpool: https://gitlab.polenov.ru:443 "GET /api/v4/projects/4/merge_requests?state=opened&per_page=50 HTTP/1.1" 200 2
2026-06-14 21:19:25 DEBUG   urllib3.connectionpool: https://gitlab.polenov.ru:443 "GET /api/v4/projects/5/merge_requests?state=opened&per_page=50 HTTP/1.1" 200 2
2026-06-14 21:19:25 DEBUG   urllib3.connectionpool: https://gitlab.polenov.ru:443 "GET /api/v4/projects/6/merge_requests?state=opened&per_page=50 HTTP/1.1" 200 2
2026-06-14 21:19:25 DEBUG   urllib3.connectionpool: https://gitlab.polenov.ru:443 "GET /api/v4/projects/7/merge_requests?state=opened&per_page=50 HTTP/1.1" 200 2
2026-06-14 21:19:25 DEBUG   urllib3.connectionpool: https://gitlab.polenov.ru:443 "GET /api/v4/projects/8/merge_requests?state=opened&per_page=50 HTTP/1.1" 200 2
2026-06-14 21:19:25 DEBUG   urllib3.connectionpool: https://gitlab.polenov.ru:443 "GET /api/v4/projects/9/merge_requests?state=opened&per_page=50 HTTP/1.1" 200 2
2026-06-14 21:19:25 DEBUG   urllib3.connectionpool: https://gitlab.polenov.ru:443 "GET /api/v4/projects/10/merge_requests?state=opened&per_page=50 HTTP/1.1" 200 2
2026-06-14 21:19:25 DEBUG   urllib3.connectionpool: https://gitlab.polenov.ru:443 "GET /api/v4/projects/11/merge_requests?state=opened&per_page=50 HTTP/1.1" 200 2
2026-06-14 21:19:25 DEBUG   urllib3.connectionpool: https://gitlab.polenov.ru:443 "GET /api/v4/projects/12/merge_requests?state=opened&per_page=50 HTTP/1.1" 200 2
2026-06-14 21:19:25 DEBUG   urllib3.connectionpool: https://gitlab.polenov.ru:443 "GET /api/v4/projects/1/merge_requests?state=opened&per_page=50 HTTP/1.1" 200 None
2026-06-14 21:19:25 INFO    werkzeug: 127.0.0.1 - - [14/Jun/2026 21:19:25] "GET /api/logs?since=527 HTTP/1.1" 200 -
2026-06-14 21:19:25 INFO    werkzeug: 127.0.0.1 - - [14/Jun/2026 21:19:25] "GET /api/status HTTP/1.1" 200 -
2026-06-14 21:19:25 INFO    werkzeug: 127.0.0.1 - - [14/Jun/2026 21:19:25] "GET /api/insights HTTP/1.1" 200 -
2026-06-14 21:19:25 DEBUG   urllib3.connectionpool: https://gitlab.polenov.ru:443 "PUT /api/v4/projects/1/merge_requests/200/merge HTTP/1.1" 405 36
2026-06-14 21:19:26 DEBUG   urllib3.connectionpool: https://gitlab.polenov.ru:443 "PUT /api/v4/projects/1/merge_requests/200/merge HTTP/1.1" 405 36
2026-06-14 21:19:26 DEBUG   urllib3.connectionpool: https://gitlab.polenov.ru:443 "PUT /api/v4/projects/1/merge_requests/200/merge HTTP/1.1" 405 36
2026-06-14 21:19:26 INFO    werkzeug: 127.0.0.1 - - [14/Jun/2026 21:19:26] "GET /api/logs?since=530 HTTP/1.1" 200 -
2026-06-14 21:19:26 INFO    werkzeug: 127.0.0.1 - - [14/Jun/2026 21:19:26] "GET /api/series HTTP/1.1" 200 -
2026-06-14 21:19:26 INFO    werkzeug: 127.0.0.1 - - [14/Jun/2026 21:19:26] "GET /api/events?n=120 HTTP/1.1" 200 -
2026-06-14 21:19:27 INFO    werkzeug: 127.0.0.1 - - [14/Jun/2026 21:19:27] "GET /api/status HTTP/1.1" 200 -
2026-06-14 21:19:27 INFO    werkzeug: 127.0.0.1 - - [14/Jun/2026 21:19:27] "GET /api/logs?since=533 HTTP/1.1" 200 -
2026-06-14 21:19:28 DEBUG   urllib3.connectionpool: https://gitlab.polenov.ru:443 "PUT /api/v4/projects/1/merge_requests/200/merge HTTP/1.1" 405 36
2026-06-14 21:19:28 DEBUG   urllib3.connectionpool: https://gitlab.polenov.ru:443 "PUT /api/v4/projects/1/merge_requests/200/merge HTTP/1.1" 405 36
2026-06-14 21:19:28 INFO    werkzeug: 127.0.0.1 - - [14/Jun/2026 21:19:28] "GET /api/status HTTP/1.1" 200 -
2026-06-14 21:19:28 INFO    werkzeug: 127.0.0.1 - - [14/Jun/2026 21:19:28] "GET /api/logs?since=537 HTTP/1.1" 200 -
2026-06-14 21:19:28 INFO    werkzeug: 127.0.0.1 - - [14/Jun/2026 21:19:28] "GET /api/series HTTP/1.1" 200 -
2026-06-14 21:19:28 INFO    werkzeug: 127.0.0.1 - - [14/Jun/2026 21:19:28] "GET /api/events?n=120 HTTP/1.1" 200 -
2026-06-14 21:19:28 INFO    werkzeug: 127.0.0.1 - - [14/Jun/2026 21:19:28] "GET /api/insights HTTP/1.1" 200 -
2026-06-14 21:19:28 DEBUG   urllib3.connectionpool: https://gitlab.polenov.ru:443 "PUT /api/v4/projects/1/merge_requests/200/merge HTTP/1.1" 405 36
2026-06-14 21:19:28 WARNING gitlab_client: merge_mr !200 failed: {"message":"405 Method Not Allowed"}
2026-06-14 21:19:29 DEBUG   urllib3.connectionpool: https://gitlab.polenov.ru:443 "PUT /api/v4/projects/1/merge_requests/200 HTTP/1.1" 200 None
2026-06-14 21:19:29 DEBUG   urllib3.connectionpool: https://gitlab.polenov.ru:443 "GET /api/v4/projects/2/merge_requests?state=opened&per_page=50 HTTP/1.1" 200 2
2026-06-14 21:19:29 DEBUG   urllib3.connectionpool: https://gitlab.polenov.ru:443 "GET /api/v4/projects/3/merge_requests?state=opened&per_page=50 HTTP/1.1" 200 2
2026-06-14 21:19:29 DEBUG   urllib3.connectionpool: https://gitlab.polenov.ru:443 "GET /api/v4/projects/4/merge_requests?state=opened&per_page=50 HTTP/1.1" 200 2
2026-06-14 21:19:29 DEBUG   urllib3.connectionpool: https://gitlab.polenov.ru:443 "GET /api/v4/projects/5/merge_requests?state=opened&per_page=50 HTTP/1.1" 200 2
2026-06-14 21:19:29 DEBUG   urllib3.connectionpool: https://gitlab.polenov.ru:443 "GET /api/v4/projects/6/merge_requests?state=opened&per_page=50 HTTP/1.1" 200 2
2026-06-14 21:19:29 DEBUG   urllib3.connectionpool: https://gitlab.polenov.ru:443 "GET /api/v4/projects/7/merge_requests?state=opened&per_page=50 HTTP/1.1" 200 2
2026-06-14 21:19:29 DEBUG   urllib3.connectionpool: https://gitlab.polenov.ru:443 "GET /api/v4/projects/8/merge_requests?state=opened&per_page=50 HTTP/1.1" 200 2
2026-06-14 21:19:29 DEBUG   urllib3.connectionpool: https://gitlab.polenov.ru:443 "GET /api/v4/projects/9/merge_requests?state=opened&per_page=50 HTTP/1.1" 200 2
2026-06-14 21:19:29 INFO    werkzeug: 127.0.0.1 - - [14/Jun/2026 21:19:29] "GET /api/logs?since=539 HTTP/1.1" 200 -
2026-06-14 21:19:29 DEBUG   urllib3.connectionpool: https://gitlab.polenov.ru:443 "GET /api/v4/projects/10/merge_requests?state=opened&per_page=50 HTTP/1.1" 200 2
2026-06-14 21:19:29 DEBUG   urllib3.connectionpool: https://gitlab.polenov.ru:443 "GET /api/v4/projects/11/merge_requests?state=opened&per_page=50 HTTP/1.1" 200 2
2026-06-14 21:19:29 DEBUG   urllib3.connectionpool: https://gitlab.polenov.ru:443 "GET /api/v4/projects/12/merge_requests?state=opened&per_page=50 HTTP/1.1" 200 2
2026-06-14 21:19:29 INFO    scheduler: [Scheduler] разгрузка очереди: смержено 0, закрыто 8 (просмотрено 8)
2026-06-14 21:19:30 DEBUG   urllib3.connectionpool: https://gitlab.polenov.ru:443 "PUT /api/v4/projects/1/merge_requests/200/merge HTTP/1.1" 405 36
2026-06-14 21:19:30 WARNING gitlab_client: merge_mr !200 failed: {"message":"405 Method Not Allowed"}
2026-06-14 21:19:30 INFO    werkzeug: 127.0.0.1 - - [14/Jun/2026 21:19:30] "GET /api/status HTTP/1.1" 200 -
2026-06-14 21:19:30 DEBUG   urllib3.connectionpool: https://gitlab.polenov.ru:443 "PUT /api/v4/projects/1/merge_requests/200 HTTP/1.1" 200 None
2026-06-14 21:19:30 DEBUG   urllib3.connectionpool: https://gitlab.polenov.ru:443 "PUT /api/v4/projects/1/merge_requests/199/merge HTTP/1.1" 405 36
2026-06-14 21:19:30 INFO    werkzeug: 127.0.0.1 - - [14/Jun/2026 21:19:30] "GET /api/logs?since=544 HTTP/1.1" 200 -
2026-06-14 21:19:30 INFO    werkzeug: 127.0.0.1 - - [14/Jun/2026 21:19:30] "GET /api/series HTTP/1.1" 200 -
2026-06-14 21:19:30 INFO    werkzeug: 127.0.0.1 - - [14/Jun/2026 21:19:30] "GET /api/events?n=120 HTTP/1.1" 200 -
2026-06-14 21:19:30 DEBUG   urllib3.connectionpool: https://gitlab.polenov.ru:443 "GET /api/v4/projects/1/merge_requests?state=opened&per_page=50 HTTP/1.1" 200 None
2026-06-14 21:19:31 DEBUG   urllib3.connectionpool: https://gitlab.polenov.ru:443 "GET /api/v4/projects/2/merge_requests?state=opened&per_page=50 HTTP/1.1" 200 2
2026-06-14 21:19:31 DEBUG   urllib3.connectionpool: https://gitlab.polenov.ru:443 "GET /api/v4/projects/3/merge_requests?state=opened&per_page=50 HTTP/1.1" 200 2
2026-06-14 21:19:31 DEBUG   urllib3.connectionpool: https://gitlab.polenov.ru:443 "GET /api/v4/projects/4/merge_requests?state=opened&per_page=50 HTTP/1.1" 200 2
2026-06-14 21:19:31 DEBUG   urllib3.connectionpool: https://gitlab.polenov.ru:443 "GET /api/v4/projects/5/merge_requests?state=opened&per_page=50 HTTP/1.1" 200 2
2026-06-14 21:19:31 DEBUG   urllib3.connectionpool: https://gitlab.polenov.ru:443 "GET /api/v4/projects/6/merge_requests?state=opened&per_page=50 HTTP/1.1" 200 2
2026-06-14 21:19:31 DEBUG   urllib3.connectionpool: https://gitlab.polenov.ru:443 "GET /api/v4/projects/7/merge_requests?state=opened&per_page=50 HTTP/1.1" 200 2
2026-06-14 21:19:31 DEBUG   urllib3.connectionpool: https://gitlab.polenov.ru:443 "GET /api/v4/projects/8/merge_requests?state=opened&per_page=50 HTTP/1.1" 200 2
2026-06-14 21:19:31 DEBUG   urllib3.connectionpool: https://gitlab.polenov.ru:443 "GET /api/v4/projects/9/merge_requests?state=opened&per_page=50 HTTP/1.1" 200 2
2026-06-14 21:19:31 DEBUG   urllib3.connectionpool: https://gitlab.polenov.ru:443 "GET /api/v4/projects/10/merge_requests?state=opened&per_page=50 HTTP/1.1" 200 2
2026-06-14 21:19:31 DEBUG   urllib3.connectionpool: https://gitlab.polenov.ru:443 "GET /api/v4/projects/11/merge_requests?state=opened&per_page=50 HTTP/1.1" 200 2
2026-06-14 21:19:31 DEBUG   urllib3.connectionpool: https://gitlab.polenov.ru:443 "GET /api/v4/projects/12/merge_requests?state=opened&per_page=50 HTTP/1.1" 200 2
2026-06-14 21:19:31 DEBUG   urllib3.connectionpool: https://gitlab.polenov.ru:443 "GET /api/v4/projects/1/merge_requests?state=opened&per_page=50 HTTP/1.1" 200 None
2026-06-14 21:19:31 INFO    werkzeug: 127.0.0.1 - - [14/Jun/2026 21:19:31] "GET /api/status HTTP/1.1" 200 -
2026-06-14 21:19:31 INFO    werkzeug: 127.0.0.1 - - [14/Jun/2026 21:19:31] "GET /api/logs?since=548 HTTP/1.1" 200 -
2026-06-14 21:19:31 INFO    werkzeug: 127.0.0.1 - - [14/Jun/2026 21:19:31] "GET /api/insights HTTP/1.1" 200 -
2026-06-14 21:19:31 DEBUG   urllib3.connectionpool: https://gitlab.polenov.ru:443 "PUT /api/v4/projects/1/merge_requests/199/merge HTTP/1.1" 405 36
2026-06-14 21:19:32 INFO    werkzeug: 127.0.0.1 - - [14/Jun/2026 21:19:32] "GET /api/logs?since=552 HTTP/1.1" 200 -
2026-06-14 21:19:32 INFO    werkzeug: 127.0.0.1 - - [14/Jun/2026 21:19:32] "GET /api/series HTTP/1.1" 200 -
2026-06-14 21:19:32 INFO    werkzeug: 127.0.0.1 - - [14/Jun/2026 21:19:32] "GET /api/events?n=120 HTTP/1.1" 200 -
2026-06-14 21:19:32 DEBUG   urllib3.connectionpool: https://gitlab.polenov.ru:443 "PUT /api/v4/projects/1/merge_requests/199/merge HTTP/1.1" 405 36
2026-06-14 21:19:32 DEBUG   urllib3.connectionpool: https://gitlab.polenov.ru:443 "PUT /api/v4/projects/1/merge_requests/199/merge HTTP/1.1" 405 36
2026-06-14 21:19:33 INFO    werkzeug: 127.0.0.1 - - [14/Jun/2026 21:19:33] "GET /api/status HTTP/1.1" 200 -
2026-06-14 21:19:33 INFO    werkzeug: 127.0.0.1 - - [14/Jun/2026 21:19:33] "GET /api/logs?since=554 HTTP/1.1" 200 -
2026-06-14 21:19:34 DEBUG   urllib3.connectionpool: https://gitlab.polenov.ru:443 "PUT /api/v4/projects/1/merge_requests/199/merge HTTP/1.1" 405 36
2026-06-14 21:19:34 DEBUG   urllib3.connectionpool: https://gitlab.polenov.ru:443 "PUT /api/v4/projects/1/merge_requests/199/merge HTTP/1.1" 405 36
2026-06-14 21:19:34 INFO    werkzeug: 127.0.0.1 - - [14/Jun/2026 21:19:34] "GET /api/status HTTP/1.1" 200 -
2026-06-14 21:19:34 INFO    werkzeug: 127.0.0.1 - - [14/Jun/2026 21:19:34] "GET /api/logs?since=558 HTTP/1.1" 200 -
2026-06-14 21:19:34 INFO    werkzeug: 127.0.0.1 - - [14/Jun/2026 21:19:34] "GET /api/series HTTP/1.1" 200 -
2026-06-14 21:19:34 INFO    werkzeug: 127.0.0.1 - - [14/Jun/2026 21:19:34] "GET /api/events?n=120 HTTP/1.1" 200 -
2026-06-14 21:19:34 INFO    werkzeug: 127.0.0.1 - - [14/Jun/2026 21:19:34] "GET /api/insights HTTP/1.1" 200 -
2026-06-14 21:19:35 DEBUG   urllib3.connectionpool: https://gitlab.polenov.ru:443 "PUT /api/v4/projects/1/merge_requests/199/merge HTTP/1.1" 405 36
2026-06-14 21:19:35 WARNING gitlab_client: merge_mr !199 failed: {"message":"405 Method Not Allowed"}
2026-06-14 21:19:35 DEBUG   urllib3.connectionpool: https://gitlab.polenov.ru:443 "PUT /api/v4/projects/1/merge_requests/199 HTTP/1.1" 200 None
2026-06-14 21:19:35 DEBUG   urllib3.connectionpool: https://gitlab.polenov.ru:443 "PUT /api/v4/projects/1/merge_requests/198/merge HTTP/1.1" 405 36
2026-06-14 21:19:35 INFO    werkzeug: 127.0.0.1 - - [14/Jun/2026 21:19:35] "GET /api/logs?since=560 HTTP/1.1" 200 -
2026-06-14 21:19:36 DEBUG   urllib3.connectionpool: https://gitlab.polenov.ru:443 "PUT /api/v4/projects/1/merge_requests/199/merge HTTP/1.1" 405 36
2026-06-14 21:19:36 WARNING gitlab_client: merge_mr !199 failed: {"message":"405 Method Not Allowed"}
2026-06-14 21:19:36 INFO    werkzeug: 127.0.0.1 - - [14/Jun/2026 21:19:36] "GET /api/status HTTP/1.1" 200 -
2026-06-14 21:19:36 DEBUG   urllib3.connectionpool: https://gitlab.polenov.ru:443 "PUT /api/v4/projects/1/merge_requests/199 HTTP/1.1" 200 None
2026-06-14 21:19:36 DEBUG   urllib3.connectionpool: https://gitlab.polenov.ru:443 "PUT /api/v4/projects/1/merge_requests/198/merge HTTP/1.1" 405 36
2026-06-14 21:19:36 INFO    werkzeug: 127.0.0.1 - - [14/Jun/2026 21:19:36] "GET /api/logs?since=565 HTTP/1.1" 200 -
2026-06-14 21:19:36 INFO    werkzeug: 127.0.0.1 - - [14/Jun/2026 21:19:36] "GET /api/series HTTP/1.1" 200 -
2026-06-14 21:19:36 INFO    werkzeug: 127.0.0.1 - - [14/Jun/2026 21:19:36] "GET /api/events?n=120 HTTP/1.1" 200 -
2026-06-14 21:19:37 DEBUG   urllib3.connectionpool: https://gitlab.polenov.ru:443 "PUT /api/v4/projects/1/merge_requests/198/merge HTTP/1.1" 405 36
2026-06-14 21:19:37 DEBUG   urllib3.connectionpool: https://gitlab.polenov.ru:443 "PUT /api/v4/projects/1/merge_requests/198/merge HTTP/1.1" 405 36
2026-06-14 21:19:37 INFO    werkzeug: 127.0.0.1 - - [14/Jun/2026 21:19:37] "GET /api/logs?since=568 HTTP/1.1" 200 -
2026-06-14 21:19:37 INFO    werkzeug: 127.0.0.1 - - [14/Jun/2026 21:19:37] "GET /api/status HTTP/1.1" 200 -
2026-06-14 21:19:37 INFO    werkzeug: 127.0.0.1 - - [14/Jun/2026 21:19:37] "GET /api/insights HTTP/1.1" 200 -
2026-06-14 21:19:38 DEBUG   urllib3.connectionpool: https://gitlab.polenov.ru:443 "PUT /api/v4/projects/1/merge_requests/198/merge HTTP/1.1" 405 36
2026-06-14 21:19:38 DEBUG   urllib3.connectionpool: https://gitlab.polenov.ru:443 "PUT /api/v4/projects/1/merge_requests/198/merge HTTP/1.1" 405 36
2026-06-14 21:19:38 INFO    werkzeug: 127.0.0.1 - - [14/Jun/2026 21:19:38] "GET /api/logs?since=571 HTTP/1.1" 200 -
2026-06-14 21:19:38 INFO    werkzeug: 127.0.0.1 - - [14/Jun/2026 21:19:38] "GET /api/series HTTP/1.1" 200 -
2026-06-14 21:19:38 INFO    werkzeug: 127.0.0.1 - - [14/Jun/2026 21:19:38] "GET /api/events?n=120 HTTP/1.1" 200 -
2026-06-14 21:19:39 INFO    werkzeug: 127.0.0.1 - - [14/Jun/2026 21:19:39] "GET /api/status HTTP/1.1" 200 -
2026-06-14 21:19:39 INFO    werkzeug: 127.0.0.1 - - [14/Jun/2026 21:19:39] "GET /api/logs?since=574 HTTP/1.1" 200 -
2026-06-14 21:19:39 DEBUG   urllib3.connectionpool: https://gitlab.polenov.ru:443 "PUT /api/v4/projects/1/merge_requests/198/merge HTTP/1.1" 405 36
2026-06-14 21:19:39 WARNING gitlab_client: merge_mr !198 failed: {"message":"405 Method Not Allowed"}
2026-06-14 21:19:40 DEBUG   urllib3.connectionpool: https://gitlab.polenov.ru:443 "PUT /api/v4/projects/1/merge_requests/198 HTTP/1.1" 200 None
2026-06-14 21:19:40 DEBUG   urllib3.connectionpool: https://gitlab.polenov.ru:443 "PUT /api/v4/projects/1/merge_requests/197/merge HTTP/1.1" 405 36
2026-06-14 21:19:40 DEBUG   urllib3.connectionpool: https://gitlab.polenov.ru:443 "PUT /api/v4/projects/1/merge_requests/198/merge HTTP/1.1" 405 36
2026-06-14 21:19:40 WARNING gitlab_client: merge_mr !198 failed: {"message":"405 Method Not Allowed"}
2026-06-14 21:19:40 INFO    werkzeug: 127.0.0.1 - - [14/Jun/2026 21:19:40] "GET /api/status HTTP/1.1" 200 -
2026-06-14 21:19:40 INFO    werkzeug: 127.0.0.1 - - [14/Jun/2026 21:19:40] "GET /api/logs?since=578 HTTP/1.1" 200 -
2026-06-14 21:19:40 INFO    werkzeug: 127.0.0.1 - - [14/Jun/2026 21:19:40] "GET /api/series HTTP/1.1" 200 -
2026-06-14 21:19:40 INFO    werkzeug: 127.0.0.1 - - [14/Jun/2026 21:19:40] "GET /api/events?n=120 HTTP/1.1" 200 -
2026-06-14 21:19:40 INFO    werkzeug: 127.0.0.1 - - [14/Jun/2026 21:19:40] "GET /api/insights HTTP/1.1" 200 -
2026-06-14 21:19:40 DEBUG   urllib3.connectionpool: https://gitlab.polenov.ru:443 "PUT /api/v4/projects/1/merge_requests/198 HTTP/1.1" 200 None
2026-06-14 21:19:41 DEBUG   urllib3.connectionpool: https://gitlab.polenov.ru:443 "PUT /api/v4/projects/1/merge_requests/197/merge HTTP/1.1" 405 36
2026-06-14 21:19:41 INFO    werkzeug: 127.0.0.1 - - [14/Jun/2026 21:19:41] "GET /api/logs?since=582 HTTP/1.1" 200 -
2026-06-14 21:19:42 INFO    werkzeug: 127.0.0.1 - - [14/Jun/2026 21:19:42] "GET /api/status HTTP/1.1" 200 -
2026-06-14 21:19:42 DEBUG   urllib3.connectionpool: https://gitlab.polenov.ru:443 "PUT /api/v4/projects/1/merge_requests/197/merge HTTP/1.1" 405 36
2026-06-14 21:19:42 DEBUG   urllib3.connectionpool: https://gitlab.polenov.ru:443 "PUT /api/v4/projects/1/merge_requests/197/merge HTTP/1.1" 405 36
2026-06-14 21:19:42 INFO    werkzeug: 127.0.0.1 - - [14/Jun/2026 21:19:42] "GET /api/logs?since=586 HTTP/1.1" 200 -
2026-06-14 21:19:42 INFO    werkzeug: 127.0.0.1 - - [14/Jun/2026 21:19:42] "GET /api/series HTTP/1.1" 200 -
2026-06-14 21:19:42 INFO    werkzeug: 127.0.0.1 - - [14/Jun/2026 21:19:42] "GET /api/events?n=120 HTTP/1.1" 200 -
2026-06-14 21:19:43 DEBUG   urllib3.connectionpool: https://gitlab.polenov.ru:443 "PUT /api/v4/projects/1/merge_requests/197/merge HTTP/1.1" 405 36
2026-06-14 21:19:43 DEBUG   urllib3.connectionpool: https://gitlab.polenov.ru:443 "PUT /api/v4/projects/1/merge_requests/197/merge HTTP/1.1" 405 36
2026-06-14 21:19:43 INFO    werkzeug: 127.0.0.1 - - [14/Jun/2026 21:19:43] "GET /api/logs?since=588 HTTP/1.1" 200 -
2026-06-14 21:19:43 INFO    werkzeug: 127.0.0.1 - - [14/Jun/2026 21:19:43] "GET /api/insights HTTP/1.1" 200 -
2026-06-14 21:19:43 DEBUG   urllib3.connectionpool: https://gitlab.polenov.ru:443 "GET /api/v4/version HTTP/1.1" 200 246
2026-06-14 21:19:43 INFO    werkzeug: 127.0.0.1 - - [14/Jun/2026 21:19:43] "GET /api/status HTTP/1.1" 200 -
2026-06-14 21:19:44 DEBUG   urllib3.connectionpool: https://gitlab.polenov.ru:443 "PUT /api/v4/projects/1/merge_requests/197/merge HTTP/1.1" 405 36
2026-06-14 21:19:44 WARNING gitlab_client: merge_mr !197 failed: {"message":"405 Method Not Allowed"}
2026-06-14 21:19:44 INFO    werkzeug: 127.0.0.1 - - [14/Jun/2026 21:19:44] "GET /api/logs?since=591 HTTP/1.1" 200 -
2026-06-14 21:19:44 INFO    werkzeug: 127.0.0.1 - - [14/Jun/2026 21:19:44] "GET /api/series HTTP/1.1" 200 -
2026-06-14 21:19:44 INFO    werkzeug: 127.0.0.1 - - [14/Jun/2026 21:19:44] "GET /api/events?n=120 HTTP/1.1" 200 -
2026-06-14 21:19:44 DEBUG   urllib3.connectionpool: https://gitlab.polenov.ru:443 "PUT /api/v4/projects/1/merge_requests/197 HTTP/1.1" 200 None
2026-06-14 21:19:45 DEBUG   urllib3.connectionpool: https://gitlab.polenov.ru:443 "PUT /api/v4/projects/1/merge_requests/196/merge HTTP/1.1" 405 36
2026-06-14 21:19:45 DEBUG   urllib3.connectionpool: https://gitlab.polenov.ru:443 "PUT /api/v4/projects/1/merge_requests/197/merge HTTP/1.1" 405 36
2026-06-14 21:19:45 WARNING gitlab_client: merge_mr !197 failed: {"message":"405 Method Not Allowed"}
2026-06-14 21:19:45 INFO    werkzeug: 127.0.0.1 - - [14/Jun/2026 21:19:45] "GET /api/status HTTP/1.1" 200 -
2026-06-14 21:19:45 DEBUG   urllib3.connectionpool: https://gitlab.polenov.ru:443 "PUT /api/v4/projects/1/merge_requests/197 HTTP/1.1" 200 None
2026-06-14 21:19:45 DEBUG   urllib3.connectionpool: https://gitlab.polenov.ru:443 "PUT /api/v4/projects/1/merge_requests/196/merge HTTP/1.1" 405 36
2026-06-14 21:19:45 INFO    werkzeug: 127.0.0.1 - - [14/Jun/2026 21:19:45] "GET /api/logs?since=595 HTTP/1.1" 200 -
2026-06-14 21:19:46 INFO    werkzeug: 127.0.0.1 - - [14/Jun/2026 21:19:46] "GET /api/logs?since=600 HTTP/1.1" 200 -
2026-06-14 21:19:46 INFO    werkzeug: 127.0.0.1 - - [14/Jun/2026 21:19:46] "GET /api/status HTTP/1.1" 200 -
2026-06-14 21:19:46 INFO    werkzeug: 127.0.0.1 - - [14/Jun/2026 21:19:46] "GET /api/series HTTP/1.1" 200 -
2026-06-14 21:19:46 INFO    werkzeug: 127.0.0.1 - - [14/Jun/2026 21:19:46] "GET /api/events?n=120 HTTP/1.1" 200 -
2026-06-14 21:19:46 INFO    werkzeug: 127.0.0.1 - - [14/Jun/2026 21:19:46] "GET /api/insights HTTP/1.1" 200 -
2026-06-14 21:19:47 DEBUG   urllib3.connectionpool: https://gitlab.polenov.ru:443 "PUT /api/v4/projects/1/merge_requests/196/merge HTTP/1.1" 405 36
2026-06-14 21:19:47 DEBUG   urllib3.connectionpool: https://gitlab.polenov.ru:443 "PUT /api/v4/projects/1/merge_requests/196/merge HTTP/1.1" 405 36
2026-06-14 21:19:47 DEBUG   urllib3.connectionpool: https://gitlab.polenov.ru:443 "PUT /api/v4/projects/1/merge_requests/196/merge HTTP/1.1" 405 36
2026-06-14 21:19:47 INFO    werkzeug: 127.0.0.1 - - [14/Jun/2026 21:19:47] "GET /api/logs?since=601 HTTP/1.1" 200 -
2026-06-14 21:19:47 DEBUG   urllib3.connectionpool: https://gitlab.polenov.ru:443 "PUT /api/v4/projects/1/merge_requests/196/merge HTTP/1.1" 405 36
2026-06-14 21:19:48 INFO    werkzeug: 127.0.0.1 - - [14/Jun/2026 21:19:48] "GET /api/status HTTP/1.1" 200 -
2026-06-14 21:19:48 INFO    werkzeug: 127.0.0.1 - - [14/Jun/2026 21:19:48] "GET /api/logs?since=606 HTTP/1.1" 200 -
2026-06-14 21:19:48 INFO    werkzeug: 127.0.0.1 - - [14/Jun/2026 21:19:48] "GET /api/series HTTP/1.1" 200 -
2026-06-14 21:19:48 INFO    werkzeug: 127.0.0.1 - - [14/Jun/2026 21:19:48] "GET /api/events?n=120 HTTP/1.1" 200 -
2026-06-14 21:19:49 DEBUG   urllib3.connectionpool: https://gitlab.polenov.ru:443 "PUT /api/v4/projects/1/merge_requests/196/merge HTTP/1.1" 405 36
2026-06-14 21:19:49 WARNING gitlab_client: merge_mr !196 failed: {"message":"405 Method Not Allowed"}
2026-06-14 21:19:49 DEBUG   urllib3.connectionpool: https://gitlab.polenov.ru:443 "PUT /api/v4/projects/1/merge_requests/196 HTTP/1.1" 200 None
2026-06-14 21:19:49 INFO    werkzeug: 127.0.0.1 - - [14/Jun/2026 21:19:49] "GET /api/logs?since=608 HTTP/1.1" 200 -
2026-06-14 21:19:49 INFO    werkzeug: 127.0.0.1 - - [14/Jun/2026 21:19:49] "GET /api/status HTTP/1.1" 200 -
2026-06-14 21:19:49 INFO    werkzeug: 127.0.0.1 - - [14/Jun/2026 21:19:49] "GET /api/insights HTTP/1.1" 200 -
2026-06-14 21:19:49 DEBUG   urllib3.connectionpool: https://gitlab.polenov.ru:443 "PUT /api/v4/projects/1/merge_requests/195/merge HTTP/1.1" 405 36
2026-06-14 21:19:49 DEBUG   urllib3.connectionpool: https://gitlab.polenov.ru:443 "PUT /api/v4/projects/1/merge_requests/196/merge HTTP/1.1" 405 36
2026-06-14 21:19:49 WARNING gitlab_client: merge_mr !196 failed: {"message":"405 Method Not Allowed"}
2026-06-14 21:19:50 DEBUG   urllib3.connectionpool: https://gitlab.polenov.ru:443 "PUT /api/v4/projects/1/merge_requests/196 HTTP/1.1" 200 None
2026-06-14 21:19:50 DEBUG   urllib3.connectionpool: https://gitlab.polenov.ru:443 "PUT /api/v4/projects/1/merge_requests/195/merge HTTP/1.1" 405 36
2026-06-14 21:19:50 INFO    werkzeug: 127.0.0.1 - - [14/Jun/2026 21:19:50] "GET /api/logs?since=612 HTTP/1.1" 200 -
2026-06-14 21:19:50 INFO    werkzeug: 127.0.0.1 - - [14/Jun/2026 21:19:50] "GET /api/series HTTP/1.1" 200 -
2026-06-14 21:19:50 INFO    werkzeug: 127.0.0.1 - - [14/Jun/2026 21:19:50] "GET /api/events?n=120 HTTP/1.1" 200 -
2026-06-14 21:19:51 INFO    werkzeug: 127.0.0.1 - - [14/Jun/2026 21:19:51] "GET /api/status HTTP/1.1" 200 -
2026-06-14 21:19:51 INFO    werkzeug: 127.0.0.1 - - [14/Jun/2026 21:19:51] "GET /api/logs?since=616 HTTP/1.1" 200 -
2026-06-14 21:19:51 DEBUG   urllib3.connectionpool: https://gitlab.polenov.ru:443 "PUT /api/v4/projects/1/merge_requests/195/merge HTTP/1.1" 405 36
2026-06-14 21:19:51 DEBUG   urllib3.connectionpool: https://gitlab.polenov.ru:443 "PUT /api/v4/projects/1/merge_requests/195/merge HTTP/1.1" 405 36
2026-06-14 21:19:52 DEBUG   urllib3.connectionpool: https://gitlab.polenov.ru:443 "PUT /api/v4/projects/1/merge_requests/195/merge HTTP/1.1" 405 36
2026-06-14 21:19:52 DEBUG   urllib3.connectionpool: https://gitlab.polenov.ru:443 "PUT /api/v4/projects/1/merge_requests/195/merge HTTP/1.1" 405 36
2026-06-14 21:19:52 INFO    werkzeug: 127.0.0.1 - - [14/Jun/2026 21:19:52] "GET /api/logs?since=620 HTTP/1.1" 200 -
2026-06-14 21:19:52 INFO    werkzeug: 127.0.0.1 - - [14/Jun/2026 21:19:52] "GET /api/status HTTP/1.1" 200 -
2026-06-14 21:19:52 INFO    werkzeug: 127.0.0.1 - - [14/Jun/2026 21:19:52] "GET /api/series HTTP/1.1" 200 -
2026-06-14 21:19:52 INFO    werkzeug: 127.0.0.1 - - [14/Jun/2026 21:19:52] "GET /api/events?n=120 HTTP/1.1" 200 -
2026-06-14 21:19:52 INFO    werkzeug: 127.0.0.1 - - [14/Jun/2026 21:19:52] "GET /api/insights HTTP/1.1" 200 -
2026-06-14 21:19:53 INFO    werkzeug: 127.0.0.1 - - [14/Jun/2026 21:19:53] "GET /api/logs?since=621 HTTP/1.1" 200 -
2026-06-14 21:19:54 DEBUG   urllib3.connectionpool: https://gitlab.polenov.ru:443 "PUT /api/v4/projects/1/merge_requests/195/merge HTTP/1.1" 405 36
2026-06-14 21:19:54 WARNING gitlab_client: merge_mr !195 failed: {"message":"405 Method Not Allowed"}
2026-06-14 21:19:54 INFO    werkzeug: 127.0.0.1 - - [14/Jun/2026 21:19:54] "GET /api/status HTTP/1.1" 200 -
2026-06-14 21:19:54 DEBUG   urllib3.connectionpool: https://gitlab.polenov.ru:443 "PUT /api/v4/projects/1/merge_requests/195 HTTP/1.1" 200 None
2026-06-14 21:19:54 DEBUG   urllib3.connectionpool: https://gitlab.polenov.ru:443 "PUT /api/v4/projects/1/merge_requests/195/merge HTTP/1.1" 405 36
2026-06-14 21:19:54 WARNING gitlab_client: merge_mr !195 failed: {"message":"405 Method Not Allowed"}
2026-06-14 21:19:54 DEBUG   urllib3.connectionpool: https://gitlab.polenov.ru:443 "PUT /api/v4/projects/1/merge_requests/194/merge HTTP/1.1" 405 36
2026-06-14 21:19:54 DEBUG   urllib3.connectionpool: https://gitlab.polenov.ru:443 "PUT /api/v4/projects/1/merge_requests/195 HTTP/1.1" 200 None
2026-06-14 21:19:54 INFO    werkzeug: 127.0.0.1 - - [14/Jun/2026 21:19:54] "GET /api/logs?since=626 HTTP/1.1" 200 -
2026-06-14 21:19:54 INFO    werkzeug: 127.0.0.1 - - [14/Jun/2026 21:19:54] "GET /api/series HTTP/1.1" 200 -
2026-06-14 21:19:54 INFO    werkzeug: 127.0.0.1 - - [14/Jun/2026 21:19:54] "GET /api/events?n=120 HTTP/1.1" 200 -
2026-06-14 21:19:54 DEBUG   urllib3.connectionpool: https://gitlab.polenov.ru:443 "PUT /api/v4/projects/1/merge_requests/194/merge HTTP/1.1" 405 36
2026-06-14 21:19:55 INFO    werkzeug: 127.0.0.1 - - [14/Jun/2026 21:19:55] "GET /api/logs?since=630 HTTP/1.1" 200 -
2026-06-14 21:19:55 INFO    werkzeug: 127.0.0.1 - - [14/Jun/2026 21:19:55] "GET /api/status HTTP/1.1" 200 -
2026-06-14 21:19:55 INFO    werkzeug: 127.0.0.1 - - [14/Jun/2026 21:19:55] "GET /api/insights HTTP/1.1" 200 -
2026-06-14 21:19:56 DEBUG   urllib3.connectionpool: https://gitlab.polenov.ru:443 "PUT /api/v4/projects/1/merge_requests/194/merge HTTP/1.1" 405 36
2026-06-14 21:19:56 DEBUG   urllib3.connectionpool: https://gitlab.polenov.ru:443 "PUT /api/v4/projects/1/merge_requests/194/merge HTTP/1.1" 405 36
2026-06-14 21:19:56 INFO    werkzeug: 127.0.0.1 - - [14/Jun/2026 21:19:56] "GET /api/logs?since=633 HTTP/1.1" 200 -
2026-06-14 21:19:56 INFO    werkzeug: 127.0.0.1 - - [14/Jun/2026 21:19:56] "GET /api/series HTTP/1.1" 200 -
2026-06-14 21:19:56 INFO    werkzeug: 127.0.0.1 - - [14/Jun/2026 21:19:56] "GET /api/events?n=120 HTTP/1.1" 200 -
2026-06-14 21:19:56 DEBUG   urllib3.connectionpool: https://gitlab.polenov.ru:443 "PUT /api/v4/projects/1/merge_requests/194/merge HTTP/1.1" 405 36
2026-06-14 21:19:56 DEBUG   urllib3.connectionpool: https://gitlab.polenov.ru:443 "PUT /api/v4/projects/1/merge_requests/194/merge HTTP/1.1" 405 36
2026-06-14 21:19:57 INFO    werkzeug: 127.0.0.1 - - [14/Jun/2026 21:19:57] "GET /api/status HTTP/1.1" 200 -
2026-06-14 21:19:57 INFO    werkzeug: 127.0.0.1 - - [14/Jun/2026 21:19:57] "GET /api/logs?since=636 HTTP/1.1" 200 -
2026-06-14 21:19:58 INFO    werkzeug: 127.0.0.1 - - [14/Jun/2026 21:19:58] "GET /api/logs?since=640 HTTP/1.1" 200 -
2026-06-14 21:19:58 INFO    werkzeug: 127.0.0.1 - - [14/Jun/2026 21:19:58] "GET /api/status HTTP/1.1" 200 -
2026-06-14 21:19:58 INFO    werkzeug: 127.0.0.1 - - [14/Jun/2026 21:19:58] "GET /api/series HTTP/1.1" 200 -
2026-06-14 21:19:58 INFO    werkzeug: 127.0.0.1 - - [14/Jun/2026 21:19:58] "GET /api/events?n=120 HTTP/1.1" 200 -
2026-06-14 21:19:58 INFO    werkzeug: 127.0.0.1 - - [14/Jun/2026 21:19:58] "GET /api/insights HTTP/1.1" 200 -
2026-06-14 21:19:58 DEBUG   urllib3.connectionpool: https://gitlab.polenov.ru:443 "PUT /api/v4/projects/1/merge_requests/194/merge HTTP/1.1" 405 36
2026-06-14 21:19:58 WARNING gitlab_client: merge_mr !194 failed: {"message":"405 Method Not Allowed"}
2026-06-14 21:19:59 DEBUG   urllib3.connectionpool: https://gitlab.polenov.ru:443 "PUT /api/v4/projects/1/merge_requests/194/merge HTTP/1.1" 405 36
2026-06-14 21:19:59 WARNING gitlab_client: merge_mr !194 failed: {"message":"405 Method Not Allowed"}
2026-06-14 21:19:59 DEBUG   urllib3.connectionpool: https://gitlab.polenov.ru:443 "PUT /api/v4/projects/1/merge_requests/194 HTTP/1.1" 200 None
2026-06-14 21:19:59 DEBUG   urllib3.connectionpool: https://gitlab.polenov.ru:443 "PUT /api/v4/projects/1/merge_requests/194 HTTP/1.1" 200 None
2026-06-14 21:19:59 DEBUG   urllib3.connectionpool: https://gitlab.polenov.ru:443 "PUT /api/v4/projects/1/merge_requests/193/merge HTTP/1.1" 405 36
2026-06-14 21:19:59 DEBUG   urllib3.connectionpool: https://gitlab.polenov.ru:443 "PUT /api/v4/projects/1/merge_requests/193/merge HTTP/1.1" 405 36
2026-06-14 21:19:59 INFO    werkzeug: 127.0.0.1 - - [14/Jun/2026 21:19:59] "GET /api/logs?since=641 HTTP/1.1" 200 -
2026-06-14 21:20:00 INFO    werkzeug: 127.0.0.1 - - [14/Jun/2026 21:20:00] "GET /api/status HTTP/1.1" 200 -
2026-06-14 21:20:00 INFO    werkzeug: 127.0.0.1 - - [14/Jun/2026 21:20:00] "GET /api/logs?since=648 HTTP/1.1" 200 -
2026-06-14 21:20:00 INFO    werkzeug: 127.0.0.1 - - [14/Jun/2026 21:20:00] "GET /api/series HTTP/1.1" 200 -
2026-06-14 21:20:00 INFO    werkzeug: 127.0.0.1 - - [14/Jun/2026 21:20:00] "GET /api/events?n=120 HTTP/1.1" 200 -
2026-06-14 21:20:01 DEBUG   urllib3.connectionpool: https://gitlab.polenov.ru:443 "PUT /api/v4/projects/1/merge_requests/193/merge HTTP/1.1" 405 36
2026-06-14 21:20:01 DEBUG   urllib3.connectionpool: https://gitlab.polenov.ru:443 "PUT /api/v4/projects/1/merge_requests/193/merge HTTP/1.1" 405 36
2026-06-14 21:20:01 DEBUG   urllib3.connectionpool: https://gitlab.polenov.ru:443 "PUT /api/v4/projects/1/merge_requests/193/merge HTTP/1.1" 405 36
2026-06-14 21:20:01 INFO    werkzeug: 127.0.0.1 - - [14/Jun/2026 21:20:01] "GET /api/logs?since=650 HTTP/1.1" 200 -
2026-06-14 21:20:01 INFO    werkzeug: 127.0.0.1 - - [14/Jun/2026 21:20:01] "GET /api/status HTTP/1.1" 200 -
2026-06-14 21:20:01 INFO    werkzeug: 127.0.0.1 - - [14/Jun/2026 21:20:01] "GET /api/insights HTTP/1.1" 200 -
2026-06-14 21:20:01 DEBUG   urllib3.connectionpool: https://gitlab.polenov.ru:443 "PUT /api/v4/projects/1/merge_requests/193/merge HTTP/1.1" 405 36
2026-06-14 21:20:02 INFO    werkzeug: 127.0.0.1 - - [14/Jun/2026 21:20:02] "GET /api/logs?since=653 HTTP/1.1" 200 -
2026-06-14 21:20:02 INFO    werkzeug: 127.0.0.1 - - [14/Jun/2026 21:20:02] "GET /api/series HTTP/1.1" 200 -
2026-06-14 21:20:02 INFO    werkzeug: 127.0.0.1 - - [14/Jun/2026 21:20:02] "GET /api/events?n=120 HTTP/1.1" 200 -
2026-06-14 21:20:03 INFO    werkzeug: 127.0.0.1 - - [14/Jun/2026 21:20:03] "GET /api/status HTTP/1.1" 200 -
2026-06-14 21:20:03 INFO    werkzeug: 127.0.0.1 - - [14/Jun/2026 21:20:03] "GET /api/logs?since=656 HTTP/1.1" 200 -
2026-06-14 21:20:03 DEBUG   urllib3.connectionpool: https://gitlab.polenov.ru:443 "PUT /api/v4/projects/1/merge_requests/193/merge HTTP/1.1" 405 36
2026-06-14 21:20:03 WARNING gitlab_client: merge_mr !193 failed: {"message":"405 Method Not Allowed"}
2026-06-14 21:20:03 DEBUG   urllib3.connectionpool: https://gitlab.polenov.ru:443 "PUT /api/v4/projects/1/merge_requests/193/merge HTTP/1.1" 405 36
2026-06-14 21:20:03 WARNING gitlab_client: merge_mr !193 failed: {"message":"405 Method Not Allowed"}
2026-06-14 21:20:04 DEBUG   urllib3.connectionpool: https://gitlab.polenov.ru:443 "PUT /api/v4/projects/1/merge_requests/193 HTTP/1.1" 200 None
2026-06-14 21:20:04 DEBUG   urllib3.connectionpool: https://gitlab.polenov.ru:443 "PUT /api/v4/projects/1/merge_requests/193 HTTP/1.1" 200 None
2026-06-14 21:20:04 DEBUG   urllib3.connectionpool: https://gitlab.polenov.ru:443 "GET /api/v4/projects/2/merge_requests?state=opened&per_page=50 HTTP/1.1" 200 2
2026-06-14 21:20:04 DEBUG   urllib3.connectionpool: https://gitlab.polenov.ru:443 "GET /api/v4/projects/3/merge_requests?state=opened&per_page=50 HTTP/1.1" 200 2
2026-06-14 21:20:04 DEBUG   urllib3.connectionpool: https://gitlab.polenov.ru:443 "GET /api/v4/projects/4/merge_requests?state=opened&per_page=50 HTTP/1.1" 200 2
2026-06-14 21:20:04 DEBUG   urllib3.connectionpool: https://gitlab.polenov.ru:443 "PUT /api/v4/projects/1/merge_requests/192/merge HTTP/1.1" 405 36
2026-06-14 21:20:04 DEBUG   urllib3.connectionpool: https://gitlab.polenov.ru:443 "GET /api/v4/projects/5/merge_requests?state=opened&per_page=50 HTTP/1.1" 200 2
2026-06-14 21:20:04 DEBUG   urllib3.connectionpool: https://gitlab.polenov.ru:443 "GET /api/v4/projects/6/merge_requests?state=opened&per_page=50 HTTP/1.1" 200 2
2026-06-14 21:20:04 DEBUG   urllib3.connectionpool: https://gitlab.polenov.ru:443 "GET /api/v4/projects/7/merge_requests?state=opened&per_page=50 HTTP/1.1" 200 2
2026-06-14 21:20:04 DEBUG   urllib3.connectionpool: https://gitlab.polenov.ru:443 "GET /api/v4/projects/8/merge_requests?state=opened&per_page=50 HTTP/1.1" 200 2
2026-06-14 21:20:04 DEBUG   urllib3.connectionpool: https://gitlab.polenov.ru:443 "GET /api/v4/projects/9/merge_requests?state=opened&per_page=50 HTTP/1.1" 200 2
2026-06-14 21:20:04 DEBUG   urllib3.connectionpool: https://gitlab.polenov.ru:443 "GET /api/v4/projects/10/merge_requests?state=opened&per_page=50 HTTP/1.1" 200 2
2026-06-14 21:20:04 DEBUG   urllib3.connectionpool: https://gitlab.polenov.ru:443 "GET /api/v4/projects/11/merge_requests?state=opened&per_page=50 HTTP/1.1" 200 2
2026-06-14 21:20:04 DEBUG   urllib3.connectionpool: https://gitlab.polenov.ru:443 "GET /api/v4/projects/12/merge_requests?state=opened&per_page=50 HTTP/1.1" 200 2
2026-06-14 21:20:04 INFO    scheduler: [Scheduler] разгрузка очереди: смержено 0, закрыто 8 (просмотрено 8)
2026-06-14 21:20:04 INFO    werkzeug: 127.0.0.1 - - [14/Jun/2026 21:20:04] "GET /api/logs?since=660 HTTP/1.1" 200 -
2026-06-14 21:20:04 INFO    werkzeug: 127.0.0.1 - - [14/Jun/2026 21:20:04] "GET /api/series HTTP/1.1" 200 -
2026-06-14 21:20:04 INFO    werkzeug: 127.0.0.1 - - [14/Jun/2026 21:20:04] "GET /api/events?n=120 HTTP/1.1" 200 -
2026-06-14 21:20:04 INFO    werkzeug: 127.0.0.1 - - [14/Jun/2026 21:20:04] "GET /api/insights HTTP/1.1" 200 -
2026-06-14 21:20:04 DEBUG   urllib3.connectionpool: https://gitlab.polenov.ru:443 "GET /api/v4/version HTTP/1.1" 200 246
2026-06-14 21:20:04 INFO    werkzeug: 127.0.0.1 - - [14/Jun/2026 21:20:04] "GET /api/status HTTP/1.1" 200 -
2026-06-14 21:20:05 INFO    werkzeug: 127.0.0.1 - - [14/Jun/2026 21:20:05] "GET /api/logs?since=664 HTTP/1.1" 200 -
2026-06-14 21:20:06 DEBUG   urllib3.connectionpool: https://gitlab.polenov.ru:443 "GET /api/v4/projects/1/merge_requests?state=opened&per_page=50 HTTP/1.1" 200 None
2026-06-14 21:20:06 DEBUG   urllib3.connectionpool: https://gitlab.polenov.ru:443 "GET /api/v4/projects/2/merge_requests?state=opened&per_page=50 HTTP/1.1" 200 2
2026-06-14 21:20:06 DEBUG   urllib3.connectionpool: https://gitlab.polenov.ru:443 "GET /api/v4/projects/3/merge_requests?state=opened&per_page=50 HTTP/1.1" 200 2
2026-06-14 21:20:06 DEBUG   urllib3.connectionpool: https://gitlab.polenov.ru:443 "GET /api/v4/projects/4/merge_requests?state=opened&per_page=50 HTTP/1.1" 200 2
2026-06-14 21:20:06 INFO    werkzeug: 127.0.0.1 - - [14/Jun/2026 21:20:06] "GET /api/status HTTP/1.1" 200 -
2026-06-14 21:20:06 DEBUG   urllib3.connectionpool: https://gitlab.polenov.ru:443 "GET /api/v4/projects/5/merge_requests?state=opened&per_page=50 HTTP/1.1" 200 2
2026-06-14 21:20:06 DEBUG   urllib3.connectionpool: https://gitlab.polenov.ru:443 "GET /api/v4/projects/6/merge_requests?state=opened&per_page=50 HTTP/1.1" 200 2
2026-06-14 21:20:06 DEBUG   urllib3.connectionpool: https://gitlab.polenov.ru:443 "GET /api/v4/projects/7/merge_requests?state=opened&per_page=50 HTTP/1.1" 200 2
2026-06-14 21:20:06 DEBUG   urllib3.connectionpool: https://gitlab.polenov.ru:443 "GET /api/v4/projects/8/merge_requests?state=opened&per_page=50 HTTP/1.1" 200 2
2026-06-14 21:20:06 DEBUG   urllib3.connectionpool: https://gitlab.polenov.ru:443 "PUT /api/v4/projects/1/merge_requests/192/merge HTTP/1.1" 405 36
2026-06-14 21:20:06 DEBUG   urllib3.connectionpool: https://gitlab.polenov.ru:443 "GET /api/v4/projects/9/merge_requests?state=opened&per_page=50 HTTP/1.1" 200 2
2026-06-14 21:20:06 DEBUG   urllib3.connectionpool: https://gitlab.polenov.ru:443 "PUT /api/v4/projects/1/merge_requests/192/merge HTTP/1.1" 405 36
2026-06-14 21:20:06 DEBUG   urllib3.connectionpool: https://gitlab.polenov.ru:443 "GET /api/v4/projects/10/merge_requests?state=opened&per_page=50 HTTP/1.1" 200 2
2026-06-14 21:20:06 DEBUG   urllib3.connectionpool: https://gitlab.polenov.ru:443 "GET /api/v4/projects/11/merge_requests?state=opened&per_page=50 HTTP/1.1" 200 2
2026-06-14 21:20:06 DEBUG   urllib3.connectionpool: https://gitlab.polenov.ru:443 "GET /api/v4/projects/12/merge_requests?state=opened&per_page=50 HTTP/1.1" 200 2
2026-06-14 21:20:06 DEBUG   urllib3.connectionpool: https://gitlab.polenov.ru:443 "GET /api/v4/projects/1/merge_requests?state=opened&per_page=50 HTTP/1.1" 200 None
2026-06-14 21:20:06 INFO    werkzeug: 127.0.0.1 - - [14/Jun/2026 21:20:06] "GET /api/logs?since=669 HTTP/1.1" 200 -
2026-06-14 21:20:06 INFO    werkzeug: 127.0.0.1 - - [14/Jun/2026 21:20:06] "GET /api/series HTTP/1.1" 200 -
2026-06-14 21:20:06 INFO    werkzeug: 127.0.0.1 - - [14/Jun/2026 21:20:06] "GET /api/events?n=120 HTTP/1.1" 200 -
2026-06-14 21:20:06 DEBUG   urllib3.connectionpool: https://gitlab.polenov.ru:443 "PUT /api/v4/projects/1/merge_requests/192/merge HTTP/1.1" 405 36
2026-06-14 21:20:07 INFO    werkzeug: 127.0.0.1 - - [14/Jun/2026 21:20:07] "GET /api/status HTTP/1.1" 200 -
2026-06-14 21:20:07 INFO    werkzeug: 127.0.0.1 - - [14/Jun/2026 21:20:07] "GET /api/logs?since=671 HTTP/1.1" 200 -
2026-06-14 21:20:07 INFO    werkzeug: 127.0.0.1 - - [14/Jun/2026 21:20:07] "GET /api/insights HTTP/1.1" 200 -
2026-06-14 21:20:08 DEBUG   urllib3.connectionpool: https://gitlab.polenov.ru:443 "PUT /api/v4/projects/1/merge_requests/192/merge HTTP/1.1" 405 36
2026-06-14 21:20:08 WARNING gitlab_client: merge_mr !192 failed: {"message":"405 Method Not Allowed"}
2026-06-14 21:20:08 INFO    werkzeug: 127.0.0.1 - - [14/Jun/2026 21:20:08] "GET /api/logs?since=675 HTTP/1.1" 200 -
2026-06-14 21:20:08 INFO    werkzeug: 127.0.0.1 - - [14/Jun/2026 21:20:08] "GET /api/series HTTP/1.1" 200 -
2026-06-14 21:20:08 INFO    werkzeug: 127.0.0.1 - - [14/Jun/2026 21:20:08] "GET /api/events?n=120 HTTP/1.1" 200 -
2026-06-14 21:20:08 DEBUG   urllib3.connectionpool: https://gitlab.polenov.ru:443 "PUT /api/v4/projects/1/merge_requests/192/merge HTTP/1.1" 405 36
2026-06-14 21:20:09 DEBUG   urllib3.connectionpool: https://gitlab.polenov.ru:443 "PUT /api/v4/projects/1/merge_requests/192/merge HTTP/1.1" 405 36
2026-06-14 21:20:09 DEBUG   urllib3.connectionpool: https://gitlab.polenov.ru:443 "PUT /api/v4/projects/1/merge_requests/192 HTTP/1.1" 200 None
2026-06-14 21:20:09 DEBUG   urllib3.connectionpool: https://gitlab.polenov.ru:443 "GET /api/v4/projects/2/merge_requests?state=opened&per_page=50 HTTP/1.1" 200 2
2026-06-14 21:20:09 DEBUG   urllib3.connectionpool: https://gitlab.polenov.ru:443 "GET /api/v4/projects/3/merge_requests?state=opened&per_page=50 HTTP/1.1" 200 2
2026-06-14 21:20:09 DEBUG   urllib3.connectionpool: https://gitlab.polenov.ru:443 "GET /api/v4/projects/4/merge_requests?state=opened&per_page=50 HTTP/1.1" 200 2
2026-06-14 21:20:09 DEBUG   urllib3.connectionpool: https://gitlab.polenov.ru:443 "GET /api/v4/projects/5/merge_requests?state=opened&per_page=50 HTTP/1.1" 200 2
2026-06-14 21:20:09 INFO    werkzeug: 127.0.0.1 - - [14/Jun/2026 21:20:09] "GET /api/status HTTP/1.1" 200 -
2026-06-14 21:20:09 DEBUG   urllib3.connectionpool: https://gitlab.polenov.ru:443 "GET /api/v4/projects/6/merge_requests?state=opened&per_page=50 HTTP/1.1" 200 2
2026-06-14 21:20:09 DEBUG   urllib3.connectionpool: https://gitlab.polenov.ru:443 "GET /api/v4/projects/7/merge_requests?state=opened&per_page=50 HTTP/1.1" 200 2
2026-06-14 21:20:09 DEBUG   urllib3.connectionpool: https://gitlab.polenov.ru:443 "GET /api/v4/projects/8/merge_requests?state=opened&per_page=50 HTTP/1.1" 200 2
2026-06-14 21:20:09 DEBUG   urllib3.connectionpool: https://gitlab.polenov.ru:443 "GET /api/v4/projects/9/merge_requests?state=opened&per_page=50 HTTP/1.1" 200 2
2026-06-14 21:20:09 DEBUG   urllib3.connectionpool: https://gitlab.polenov.ru:443 "GET /api/v4/projects/10/merge_requests?state=opened&per_page=50 HTTP/1.1" 200 2
2026-06-14 21:20:09 DEBUG   urllib3.connectionpool: https://gitlab.polenov.ru:443 "GET /api/v4/projects/11/merge_requests?state=opened&per_page=50 HTTP/1.1" 200 2
2026-06-14 21:20:09 DEBUG   urllib3.connectionpool: https://gitlab.polenov.ru:443 "GET /api/v4/projects/12/merge_requests?state=opened&per_page=50 HTTP/1.1" 200 2
2026-06-14 21:20:09 INFO    scheduler: [Scheduler] разгрузка очереди: смержено 0, закрыто 8 (просмотрено 8)
2026-06-14 21:20:09 INFO    werkzeug: 127.0.0.1 - - [14/Jun/2026 21:20:09] "GET /api/logs?since=678 HTTP/1.1" 200 -
2026-06-14 21:20:10 DEBUG   urllib3.connectionpool: https://gitlab.polenov.ru:443 "GET /api/v4/projects/1/merge_requests?state=opened&per_page=50 HTTP/1.1" 200 None
2026-06-14 21:20:10 DEBUG   urllib3.connectionpool: https://gitlab.polenov.ru:443 "GET /api/v4/projects/2/merge_requests?state=opened&per_page=50 HTTP/1.1" 200 2
2026-06-14 21:20:10 INFO    werkzeug: 127.0.0.1 - - [14/Jun/2026 21:20:10] "GET /api/logs?since=683 HTTP/1.1" 200 -
2026-06-14 21:20:10 INFO    werkzeug: 127.0.0.1 - - [14/Jun/2026 21:20:10] "GET /api/status HTTP/1.1" 200 -
2026-06-14 21:20:10 INFO    werkzeug: 127.0.0.1 - - [14/Jun/2026 21:20:10] "GET /api/series HTTP/1.1" 200 -
2026-06-14 21:20:10 INFO    werkzeug: 127.0.0.1 - - [14/Jun/2026 21:20:10] "GET /api/events?n=120 HTTP/1.1" 200 -
2026-06-14 21:20:10 INFO    werkzeug: 127.0.0.1 - - [14/Jun/2026 21:20:10] "GET /api/insights HTTP/1.1" 200 -
2026-06-14 21:20:10 DEBUG   urllib3.connectionpool: https://gitlab.polenov.ru:443 "GET /api/v4/projects/3/merge_requests?state=opened&per_page=50 HTTP/1.1" 200 2
2026-06-14 21:20:10 DEBUG   urllib3.connectionpool: https://gitlab.polenov.ru:443 "GET /api/v4/projects/4/merge_requests?state=opened&per_page=50 HTTP/1.1" 200 2
2026-06-14 21:20:11 DEBUG   urllib3.connectionpool: https://gitlab.polenov.ru:443 "GET /api/v4/projects/5/merge_requests?state=opened&per_page=50 HTTP/1.1" 200 2
2026-06-14 21:20:11 DEBUG   urllib3.connectionpool: https://gitlab.polenov.ru:443 "GET /api/v4/projects/6/merge_requests?state=opened&per_page=50 HTTP/1.1" 200 2
2026-06-14 21:20:11 DEBUG   urllib3.connectionpool: https://gitlab.polenov.ru:443 "PUT /api/v4/projects/1/merge_requests/192/merge HTTP/1.1" 405 36
2026-06-14 21:20:11 WARNING gitlab_client: merge_mr !192 failed: {"message":"405 Method Not Allowed"}
2026-06-14 21:20:11 DEBUG   urllib3.connectionpool: https://gitlab.polenov.ru:443 "GET /api/v4/projects/7/merge_requests?state=opened&per_page=50 HTTP/1.1" 200 2
2026-06-14 21:20:11 DEBUG   urllib3.connectionpool: https://gitlab.polenov.ru:443 "GET /api/v4/projects/8/merge_requests?state=opened&per_page=50 HTTP/1.1" 200 2
2026-06-14 21:20:11 DEBUG   urllib3.connectionpool: https://gitlab.polenov.ru:443 "GET /api/v4/projects/9/merge_requests?state=opened&per_page=50 HTTP/1.1" 200 2
2026-06-14 21:20:11 DEBUG   urllib3.connectionpool: https://gitlab.polenov.ru:443 "GET /api/v4/projects/10/merge_requests?state=opened&per_page=50 HTTP/1.1" 200 2
2026-06-14 21:20:11 DEBUG   urllib3.connectionpool: https://gitlab.polenov.ru:443 "GET /api/v4/projects/11/merge_requests?state=opened&per_page=50 HTTP/1.1" 200 2
2026-06-14 21:20:11 DEBUG   urllib3.connectionpool: https://gitlab.polenov.ru:443 "PUT /api/v4/projects/1/merge_requests/192 HTTP/1.1" 200 None
2026-06-14 21:20:11 DEBUG   urllib3.connectionpool: https://gitlab.polenov.ru:443 "GET /api/v4/projects/12/merge_requests?state=opened&per_page=50 HTTP/1.1" 200 2
2026-06-14 21:20:11 DEBUG   urllib3.connectionpool: https://gitlab.polenov.ru:443 "GET /api/v4/projects/1/merge_requests?state=opened&per_page=50 HTTP/1.1" 200 None
2026-06-14 21:20:11 INFO    werkzeug: 127.0.0.1 - - [14/Jun/2026 21:20:11] "GET /api/logs?since=684 HTTP/1.1" 200 -
2026-06-14 21:20:11 DEBUG   urllib3.connectionpool: https://gitlab.polenov.ru:443 "PUT /api/v4/projects/1/merge_requests/191/merge HTTP/1.1" 405 36
2026-06-14 21:20:11 DEBUG   urllib3.connectionpool: https://gitlab.polenov.ru:443 "PUT /api/v4/projects/1/merge_requests/191/merge HTTP/1.1" 405 36
2026-06-14 21:20:12 INFO    werkzeug: 127.0.0.1 - - [14/Jun/2026 21:20:12] "GET /api/status HTTP/1.1" 200 -
2026-06-14 21:20:12 INFO    werkzeug: 127.0.0.1 - - [14/Jun/2026 21:20:12] "GET /api/logs?since=690 HTTP/1.1" 200 -
2026-06-14 21:20:12 INFO    werkzeug: 127.0.0.1 - - [14/Jun/2026 21:20:12] "GET /api/series HTTP/1.1" 200 -
2026-06-14 21:20:12 INFO    werkzeug: 127.0.0.1 - - [14/Jun/2026 21:20:12] "GET /api/events?n=120 HTTP/1.1" 200 -
2026-06-14 21:20:13 INFO    werkzeug: 127.0.0.1 - - [14/Jun/2026 21:20:13] "GET /api/logs?since=692 HTTP/1.1" 200 -
2026-06-14 21:20:13 INFO    werkzeug: 127.0.0.1 - - [14/Jun/2026 21:20:13] "GET /api/status HTTP/1.1" 200 -
2026-06-14 21:20:13 INFO    werkzeug: 127.0.0.1 - - [14/Jun/2026 21:20:13] "GET /api/insights HTTP/1.1" 200 -
2026-06-14 21:20:13 DEBUG   urllib3.connectionpool: https://gitlab.polenov.ru:443 "PUT /api/v4/projects/1/merge_requests/191/merge HTTP/1.1" 405 36
2026-06-14 21:20:13 DEBUG   urllib3.connectionpool: https://gitlab.polenov.ru:443 "PUT /api/v4/projects/1/merge_requests/191/merge HTTP/1.1" 405 36
2026-06-14 21:20:14 DEBUG   urllib3.connectionpool: https://gitlab.polenov.ru:443 "PUT /api/v4/projects/1/merge_requests/191/merge HTTP/1.1" 405 36
2026-06-14 21:20:14 DEBUG   urllib3.connectionpool: https://gitlab.polenov.ru:443 "PUT /api/v4/projects/1/merge_requests/191/merge HTTP/1.1" 405 36
2026-06-14 21:20:14 INFO    werkzeug: 127.0.0.1 - - [14/Jun/2026 21:20:14] "GET /api/logs?since=695 HTTP/1.1" 200 -
2026-06-14 21:20:14 INFO    werkzeug: 127.0.0.1 - - [14/Jun/2026 21:20:14] "GET /api/series HTTP/1.1" 200 -
2026-06-14 21:20:14 INFO    werkzeug: 127.0.0.1 - - [14/Jun/2026 21:20:14] "GET /api/events?n=120 HTTP/1.1" 200 -
2026-06-14 21:20:15 INFO    werkzeug: 127.0.0.1 - - [14/Jun/2026 21:20:15] "GET /api/status HTTP/1.1" 200 -
2026-06-14 21:20:15 INFO    werkzeug: 127.0.0.1 - - [14/Jun/2026 21:20:15] "GET /api/logs?since=698 HTTP/1.1" 200 -
2026-06-14 21:20:16 DEBUG   urllib3.connectionpool: https://gitlab.polenov.ru:443 "PUT /api/v4/projects/1/merge_requests/191/merge HTTP/1.1" 405 36
2026-06-14 21:20:16 WARNING gitlab_client: merge_mr !191 failed: {"message":"405 Method Not Allowed"}
2026-06-14 21:20:16 DEBUG   urllib3.connectionpool: https://gitlab.polenov.ru:443 "PUT /api/v4/projects/1/merge_requests/191/merge HTTP/1.1" 405 36
2026-06-14 21:20:16 WARNING gitlab_client: merge_mr !191 failed: {"message":"405 Method Not Allowed"}
2026-06-14 21:20:16 DEBUG   urllib3.connectionpool: https://gitlab.polenov.ru:443 "PUT /api/v4/projects/1/merge_requests/191 HTTP/1.1" 500 39
2026-06-14 21:20:16 DEBUG   urllib3.connectionpool: https://gitlab.polenov.ru:443 "PUT /api/v4/projects/1/merge_requests/191 HTTP/1.1" 200 None
2026-06-14 21:20:16 DEBUG   urllib3.connectionpool: https://gitlab.polenov.ru:443 "PUT /api/v4/projects/1/merge_requests/190/merge HTTP/1.1" 405 36
2026-06-14 21:20:16 DEBUG   urllib3.connectionpool: https://gitlab.polenov.ru:443 "PUT /api/v4/projects/1/merge_requests/190/merge HTTP/1.1" 405 36
2026-06-14 21:20:16 INFO    werkzeug: 127.0.0.1 - - [14/Jun/2026 21:20:16] "GET /api/status HTTP/1.1" 200 -
2026-06-14 21:20:16 INFO    werkzeug: 127.0.0.1 - - [14/Jun/2026 21:20:16] "GET /api/logs?since=702 HTTP/1.1" 200 -
2026-06-14 21:20:16 INFO    werkzeug: 127.0.0.1 - - [14/Jun/2026 21:20:16] "GET /api/series HTTP/1.1" 200 -
2026-06-14 21:20:16 INFO    werkzeug: 127.0.0.1 - - [14/Jun/2026 21:20:16] "GET /api/events?n=120 HTTP/1.1" 200 -
2026-06-14 21:20:16 INFO    werkzeug: 127.0.0.1 - - [14/Jun/2026 21:20:16] "GET /api/insights HTTP/1.1" 200 -
2026-06-14 21:20:17 INFO    werkzeug: 127.0.0.1 - - [14/Jun/2026 21:20:17] "GET /api/logs?since=706 HTTP/1.1" 200 -
2026-06-14 21:20:18 INFO    werkzeug: 127.0.0.1 - - [14/Jun/2026 21:20:18] "GET /api/status HTTP/1.1" 200 -
2026-06-14 21:20:18 DEBUG   urllib3.connectionpool: https://gitlab.polenov.ru:443 "PUT /api/v4/projects/1/merge_requests/190/merge HTTP/1.1" 405 36
2026-06-14 21:20:18 DEBUG   urllib3.connectionpool: https://gitlab.polenov.ru:443 "PUT /api/v4/projects/1/merge_requests/190/merge HTTP/1.1" 405 36
2026-06-14 21:20:18 DEBUG   urllib3.connectionpool: https://gitlab.polenov.ru:443 "PUT /api/v4/projects/1/merge_requests/190/merge HTTP/1.1" 405 36
2026-06-14 21:20:18 INFO    werkzeug: 127.0.0.1 - - [14/Jun/2026 21:20:18] "GET /api/logs?since=710 HTTP/1.1" 200 -
2026-06-14 21:20:18 INFO    werkzeug: 127.0.0.1 - - [14/Jun/2026 21:20:18] "GET /api/series HTTP/1.1" 200 -
2026-06-14 21:20:18 INFO    werkzeug: 127.0.0.1 - - [14/Jun/2026 21:20:18] "GET /api/events?n=120 HTTP/1.1" 200 -
2026-06-14 21:20:18 DEBUG   urllib3.connectionpool: https://gitlab.polenov.ru:443 "PUT /api/v4/projects/1/merge_requests/190/merge HTTP/1.1" 405 36
2026-06-14 21:20:19 INFO    werkzeug: 127.0.0.1 - - [14/Jun/2026 21:20:19] "GET /api/status HTTP/1.1" 200 -
2026-06-14 21:20:19 INFO    werkzeug: 127.0.0.1 - - [14/Jun/2026 21:20:19] "GET /api/logs?since=712 HTTP/1.1" 200 -
2026-06-14 21:20:19 INFO    werkzeug: 127.0.0.1 - - [14/Jun/2026 21:20:19] "GET /api/insights HTTP/1.1" 200 -
2026-06-14 21:20:20 DEBUG   urllib3.connectionpool: https://gitlab.polenov.ru:443 "PUT /api/v4/projects/1/merge_requests/190/merge HTTP/1.1" 405 36
2026-06-14 21:20:20 WARNING gitlab_client: merge_mr !190 failed: {"message":"405 Method Not Allowed"}
2026-06-14 21:20:20 INFO    werkzeug: 127.0.0.1 - - [14/Jun/2026 21:20:20] "GET /api/logs?since=716 HTTP/1.1" 200 -
2026-06-14 21:20:20 INFO    werkzeug: 127.0.0.1 - - [14/Jun/2026 21:20:20] "GET /api/series HTTP/1.1" 200 -
2026-06-14 21:20:20 INFO    werkzeug: 127.0.0.1 - - [14/Jun/2026 21:20:20] "GET /api/events?n=120 HTTP/1.1" 200 -
2026-06-14 21:20:21 DEBUG   urllib3.connectionpool: https://gitlab.polenov.ru:443 "PUT /api/v4/projects/1/merge_requests/190/merge HTTP/1.1" 405 36
2026-06-14 21:20:21 WARNING gitlab_client: merge_mr !190 failed: {"message":"405 Method Not Allowed"}
2026-06-14 21:20:21 DEBUG   urllib3.connectionpool: https://gitlab.polenov.ru:443 "PUT /api/v4/projects/1/merge_requests/190 HTTP/1.1" 200 None
2026-06-14 21:20:21 DEBUG   urllib3.connectionpool: https://gitlab.polenov.ru:443 "PUT /api/v4/projects/1/merge_requests/189/merge HTTP/1.1" 405 36
2026-06-14 21:20:21 INFO    werkzeug: 127.0.0.1 - - [14/Jun/2026 21:20:21] "GET /api/status HTTP/1.1" 200 -
2026-06-14 21:20:21 DEBUG   urllib3.connectionpool: https://gitlab.polenov.ru:443 "PUT /api/v4/projects/1/merge_requests/190 HTTP/1.1" 200 None
2026-06-14 21:20:21 DEBUG   urllib3.connectionpool: https://gitlab.polenov.ru:443 "PUT /api/v4/projects/1/merge_requests/189/merge HTTP/1.1" 405 36
2026-06-14 21:20:21 INFO    werkzeug: 127.0.0.1 - - [14/Jun/2026 21:20:21] "GET /api/logs?since=719 HTTP/1.1" 200 -
2026-06-14 21:20:22 INFO    werkzeug: 127.0.0.1 - - [14/Jun/2026 21:20:22] "GET /api/status HTTP/1.1" 200 -
2026-06-14 21:20:22 INFO    werkzeug: 127.0.0.1 - - [14/Jun/2026 21:20:22] "GET /api/logs?since=724 HTTP/1.1" 200 -
2026-06-14 21:20:22 INFO    werkzeug: 127.0.0.1 - - [14/Jun/2026 21:20:22] "GET /api/series HTTP/1.1" 200 -
2026-06-14 21:20:22 INFO    werkzeug: 127.0.0.1 - - [14/Jun/2026 21:20:22] "GET /api/events?n=120 HTTP/1.1" 200 -
2026-06-14 21:20:22 INFO    werkzeug: 127.0.0.1 - - [14/Jun/2026 21:20:22] "GET /api/insights HTTP/1.1" 200 -
2026-06-14 21:20:23 DEBUG   urllib3.connectionpool: https://gitlab.polenov.ru:443 "PUT /api/v4/projects/1/merge_requests/189/merge HTTP/1.1" 405 36
2026-06-14 21:20:23 DEBUG   urllib3.connectionpool: https://gitlab.polenov.ru:443 "PUT /api/v4/projects/1/merge_requests/189/merge HTTP/1.1" 405 36
2026-06-14 21:20:23 DEBUG   urllib3.connectionpool: https://gitlab.polenov.ru:443 "PUT /api/v4/projects/1/merge_requests/189/merge HTTP/1.1" 405 36
2026-06-14 21:20:23 DEBUG   urllib3.connectionpool: https://gitlab.polenov.ru:443 "PUT /api/v4/projects/1/merge_requests/189/merge HTTP/1.1" 405 36
2026-06-14 21:20:23 INFO    werkzeug: 127.0.0.1 - - [14/Jun/2026 21:20:23] "GET /api/logs?since=726 HTTP/1.1" 200 -
2026-06-14 21:20:23 INFO    werkzeug: 127.0.0.1 - - [14/Jun/2026 21:20:23] "GET /api/status HTTP/1.1" 200 -
2026-06-14 21:20:23 INFO    werkzeug: 127.0.0.1 - - [14/Jun/2026 21:20:23] "GET /api/logs?since=1773 HTTP/1.1" 200 -
2026-06-14 21:20:23 INFO    werkzeug: 127.0.0.1 - - [14/Jun/2026 21:20:23] "GET /api/series HTTP/1.1" 200 -
2026-06-14 21:20:23 INFO    werkzeug: 127.0.0.1 - - [14/Jun/2026 21:20:23] "GET /api/logs?since=1879 HTTP/1.1" 200 -
2026-06-14 21:20:23 INFO    werkzeug: 127.0.0.1 - - [14/Jun/2026 21:20:23] "GET /api/events?n=120 HTTP/1.1" 200 -
2026-06-14 21:20:23 INFO    werkzeug: 127.0.0.1 - - [14/Jun/2026 21:20:23] "GET /api/status HTTP/1.1" 200 -
2026-06-14 21:20:23 INFO    werkzeug: 127.0.0.1 - - [14/Jun/2026 21:20:23] "GET /api/series HTTP/1.1" 200 -
2026-06-14 21:20:23 INFO    werkzeug: 127.0.0.1 - - [14/Jun/2026 21:20:23] "GET /api/events?n=120 HTTP/1.1" 200 -
2026-06-14 21:20:24 INFO    werkzeug: 127.0.0.1 - - [14/Jun/2026 21:20:24] "GET /api/status HTTP/1.1" 200 -
2026-06-14 21:20:24 INFO    werkzeug: 127.0.0.1 - - [14/Jun/2026 21:20:24] "GET /api/logs?since=730 HTTP/1.1" 200 -
2026-06-14 21:20:24 INFO    werkzeug: 127.0.0.1 - - [14/Jun/2026 21:20:24] "GET /api/series HTTP/1.1" 200 -
2026-06-14 21:20:24 INFO    werkzeug: 127.0.0.1 - - [14/Jun/2026 21:20:24] "GET /api/events?n=120 HTTP/1.1" 200 -
2026-06-14 21:20:25 DEBUG   urllib3.connectionpool: https://gitlab.polenov.ru:443 "PUT /api/v4/projects/1/merge_requests/189/merge HTTP/1.1" 405 36
2026-06-14 21:20:25 WARNING gitlab_client: merge_mr !189 failed: {"message":"405 Method Not Allowed"}
2026-06-14 21:20:25 DEBUG   urllib3.connectionpool: https://gitlab.polenov.ru:443 "PUT /api/v4/projects/1/merge_requests/189/merge HTTP/1.1" 405 36
2026-06-14 21:20:25 WARNING gitlab_client: merge_mr !189 failed: {"message":"405 Method Not Allowed"}
2026-06-14 21:20:25 DEBUG   urllib3.connectionpool: https://gitlab.polenov.ru:443 "PUT /api/v4/projects/1/merge_requests/189 HTTP/1.1" 200 None
2026-06-14 21:20:25 DEBUG   urllib3.connectionpool: Resetting dropped connection: gitlab.polenov.ru
2026-06-14 21:20:25 INFO    werkzeug: 127.0.0.1 - - [14/Jun/2026 21:20:25] "GET /api/logs?since=740 HTTP/1.1" 200 -
2026-06-14 21:20:25 INFO    werkzeug: 127.0.0.1 - - [14/Jun/2026 21:20:25] "GET /api/insights HTTP/1.1" 200 -
2026-06-14 21:20:25 DEBUG   urllib3.connectionpool: https://gitlab.polenov.ru:443 "PUT /api/v4/projects/1/merge_requests/188/merge HTTP/1.1" 405 36
2026-06-14 21:20:25 DEBUG   urllib3.connectionpool: https://gitlab.polenov.ru:443 "GET /api/v4/version HTTP/1.1" 200 246
2026-06-14 21:20:25 INFO    werkzeug: 127.0.0.1 - - [14/Jun/2026 21:20:25] "GET /api/status HTTP/1.1" 200 -
2026-06-14 21:20:26 DEBUG   urllib3.connectionpool: https://gitlab.polenov.ru:443 "PUT /api/v4/projects/1/merge_requests/189 HTTP/1.1" 200 None
2026-06-14 21:20:26 DEBUG   urllib3.connectionpool: https://gitlab.polenov.ru:443 "PUT /api/v4/projects/1/merge_requests/188/merge HTTP/1.1" 405 36
2026-06-14 21:20:26 INFO    werkzeug: 127.0.0.1 - - [14/Jun/2026 21:20:26] "GET /api/logs?since=745 HTTP/1.1" 200 -
2026-06-14 21:20:26 INFO    werkzeug: 127.0.0.1 - - [14/Jun/2026 21:20:26] "GET /api/series HTTP/1.1" 200 -
2026-06-14 21:20:26 INFO    werkzeug: 127.0.0.1 - - [14/Jun/2026 21:20:26] "GET /api/events?n=120 HTTP/1.1" 200 -
2026-06-14 21:20:27 INFO    werkzeug: 127.0.0.1 - - [14/Jun/2026 21:20:27] "GET /api/status HTTP/1.1" 200 -
2026-06-14 21:20:27 INFO    werkzeug: 127.0.0.1 - - [14/Jun/2026 21:20:27] "GET /api/logs?since=748 HTTP/1.1" 200 -
2026-06-14 21:20:27 DEBUG   urllib3.connectionpool: https://gitlab.polenov.ru:443 "PUT /api/v4/projects/1/merge_requests/188/merge HTTP/1.1" 405 36
2026-06-14 21:20:28 DEBUG   urllib3.connectionpool: https://gitlab.polenov.ru:443 "PUT /api/v4/projects/1/merge_requests/188/merge HTTP/1.1" 405 36
2026-06-14 21:20:28 DEBUG   urllib3.connectionpool: https://gitlab.polenov.ru:443 "PUT /api/v4/projects/1/merge_requests/188/merge HTTP/1.1" 405 36
2026-06-14 21:20:28 DEBUG   urllib3.connectionpool: https://gitlab.polenov.ru:443 "PUT /api/v4/projects/1/merge_requests/188/merge HTTP/1.1" 405 36
2026-06-14 21:20:28 INFO    werkzeug: 127.0.0.1 - - [14/Jun/2026 21:20:28] "GET /api/logs?since=752 HTTP/1.1" 200 -
2026-06-14 21:20:28 INFO    werkzeug: 127.0.0.1 - - [14/Jun/2026 21:20:28] "GET /api/status HTTP/1.1" 200 -
2026-06-14 21:20:28 INFO    werkzeug: 127.0.0.1 - - [14/Jun/2026 21:20:28] "GET /api/series HTTP/1.1" 200 -
2026-06-14 21:20:28 INFO    werkzeug: 127.0.0.1 - - [14/Jun/2026 21:20:28] "GET /api/events?n=120 HTTP/1.1" 200 -
2026-06-14 21:20:28 INFO    werkzeug: 127.0.0.1 - - [14/Jun/2026 21:20:28] "GET /api/insights HTTP/1.1" 200 -
2026-06-14 21:20:29 INFO    werkzeug: 127.0.0.1 - - [14/Jun/2026 21:20:29] "GET /api/logs?since=753 HTTP/1.1" 200 -
2026-06-14 21:20:30 DEBUG   urllib3.connectionpool: https://gitlab.polenov.ru:443 "PUT /api/v4/projects/1/merge_requests/188/merge HTTP/1.1" 405 36
2026-06-14 21:20:30 WARNING gitlab_client: merge_mr !188 failed: {"message":"405 Method Not Allowed"}
2026-06-14 21:20:30 DEBUG   urllib3.connectionpool: https://gitlab.polenov.ru:443 "PUT /api/v4/projects/1/merge_requests/188/merge HTTP/1.1" 405 36
2026-06-14 21:20:30 WARNING gitlab_client: merge_mr !188 failed: {"message":"405 Method Not Allowed"}
2026-06-14 21:20:30 INFO    werkzeug: 127.0.0.1 - - [14/Jun/2026 21:20:30] "GET /api/status HTTP/1.1" 200 -
2026-06-14 21:20:30 DEBUG   urllib3.connectionpool: https://gitlab.polenov.ru:443 "PUT /api/v4/projects/1/merge_requests/188 HTTP/1.1" 200 None
2026-06-14 21:20:30 DEBUG   urllib3.connectionpool: https://gitlab.polenov.ru:443 "PUT /api/v4/projects/1/merge_requests/188 HTTP/1.1" 200 None
2026-06-14 21:20:30 DEBUG   urllib3.connectionpool: https://gitlab.polenov.ru:443 "PUT /api/v4/projects/1/merge_requests/187/merge HTTP/1.1" 422 37
2026-06-14 21:20:30 INFO    werkzeug: 127.0.0.1 - - [14/Jun/2026 21:20:30] "GET /api/logs?since=758 HTTP/1.1" 200 -
2026-06-14 21:20:30 INFO    werkzeug: 127.0.0.1 - - [14/Jun/2026 21:20:30] "GET /api/series HTTP/1.1" 200 -
2026-06-14 21:20:30 INFO    werkzeug: 127.0.0.1 - - [14/Jun/2026 21:20:30] "GET /api/events?n=120 HTTP/1.1" 200 -
2026-06-14 21:20:30 DEBUG   urllib3.connectionpool: https://gitlab.polenov.ru:443 "PUT /api/v4/projects/1/merge_requests/187/merge HTTP/1.1" 405 36
2026-06-14 21:20:31 DEBUG   urllib3.connectionpool: https://gitlab.polenov.ru:443 "PUT /api/v4/projects/1/merge_requests/187/merge HTTP/1.1" 200 None
2026-06-14 21:20:31 INFO    agents.base: [alex.petrov] merged MR !187
2026-06-14 21:20:31 DEBUG   urllib3.connectionpool: https://gitlab.polenov.ru:443 "PUT /api/v4/projects/1/merge_requests/186/merge HTTP/1.1" 405 36
2026-06-14 21:20:31 INFO    werkzeug: 127.0.0.1 - - [14/Jun/2026 21:20:31] "GET /api/logs?since=762 HTTP/1.1" 200 -
2026-06-14 21:20:31 INFO    werkzeug: 127.0.0.1 - - [14/Jun/2026 21:20:31] "GET /api/status HTTP/1.1" 200 -
2026-06-14 21:20:31 INFO    werkzeug: 127.0.0.1 - - [14/Jun/2026 21:20:31] "GET /api/insights HTTP/1.1" 200 -
2026-06-14 21:20:32 INFO    werkzeug: 127.0.0.1 - - [14/Jun/2026 21:20:32] "GET /api/logs?since=766 HTTP/1.1" 200 -
2026-06-14 21:20:32 INFO    werkzeug: 127.0.0.1 - - [14/Jun/2026 21:20:32] "GET /api/series HTTP/1.1" 200 -
2026-06-14 21:20:32 INFO    werkzeug: 127.0.0.1 - - [14/Jun/2026 21:20:32] "GET /api/events?n=120 HTTP/1.1" 200 -
2026-06-14 21:20:32 DEBUG   urllib3.connectionpool: https://gitlab.polenov.ru:443 "PUT /api/v4/projects/1/merge_requests/187/merge HTTP/1.1" 405 36
2026-06-14 21:20:32 WARNING gitlab_client: merge_mr !187 failed: {"message":"405 Method Not Allowed"}
2026-06-14 21:20:33 DEBUG   urllib3.connectionpool: https://gitlab.polenov.ru:443 "PUT /api/v4/projects/1/merge_requests/187 HTTP/1.1" 200 None
2026-06-14 21:20:33 INFO    werkzeug: 127.0.0.1 - - [14/Jun/2026 21:20:33] "GET /api/status HTTP/1.1" 200 -
2026-06-14 21:20:33 DEBUG   urllib3.connectionpool: https://gitlab.polenov.ru:443 "PUT /api/v4/projects/1/merge_requests/186/merge HTTP/1.1" 405 36
2026-06-14 21:20:33 DEBUG   urllib3.connectionpool: https://gitlab.polenov.ru:443 "PUT /api/v4/projects/1/merge_requests/186/merge HTTP/1.1" 405 36
2026-06-14 21:20:33 DEBUG   urllib3.connectionpool: https://gitlab.polenov.ru:443 "PUT /api/v4/projects/1/merge_requests/186/merge HTTP/1.1" 405 36
2026-06-14 21:20:33 INFO    werkzeug: 127.0.0.1 - - [14/Jun/2026 21:20:33] "GET /api/logs?since=769 HTTP/1.1" 200 -
